{
  "total_facts": 383,
  "avg_survival": 0.9036184957286872,
  "min_survival": 0.8585313400021807,
  "post_test": "42/50"
}