{
  "ppl_dense": 10.055912971496582,
  "ppl_wal_base": 10.360569953918457,
  "ppl_wal_lora_untrained": 10.360569953918457,
  "ppl_wal_lora_trained": 16.204322814941406,
  "ppl_wal_merged": 16.20431900024414,
  "acc_dense": 0,
  "acc_wal_base": 0,
  "acc_wal_lora_untrained": 0,
  "acc_wal_lora_trained": 10,
  "acc_wal_merged": 10
}