{
  "total_weights": 7504658432,
  "layer_count": 225,
  "unpacked_gb": 13.978515625,
  "packed_gb": 10.48388671875,
  "reduction_pct": 25.0,
  "vs_bf16_pct": 75.0,
  "pack_ms_10m": 0.5237642675638199,
  "unpack_ms_10m": 0.5164715461432934,
  "max_decode_error": 0.0,
  "correct": true
}