{
  "variants": {
    "base": {
      "label": "base",
      "n_layers": 225,
      "mean_atom_entropy": 7.752794816758898,
      "std_atom_entropy": 0.059367820620536804,
      "mean_coeff_entropy": 3.9577936882442897,
      "std_coeff_entropy": 0.01731349155306816,
      "mean_top3": 0.030021367433598914,
      "mean_residual": 0.0,
      "mean_atoms_used": 0.9951736111111111
    },
    "seed123": {
      "label": "base_seed123",
      "n_layers": 225,
      "mean_atom_entropy": 7.7002654054429795,
      "std_atom_entropy": 0.11118300259113312,
      "mean_coeff_entropy": 3.948082600699531,
      "std_coeff_entropy": 0.02700413390994072,
      "mean_top3": 0.029138489010495438,
      "mean_residual": 0.0,
      "mean_atoms_used": 0.9988541666666667
    },
    "noise": {
      "label": "dense+noise",
      "n_layers": 225,
      "mean_atom_entropy": 7.831758475833469,
      "std_atom_entropy": 0.06509426236152649,
      "mean_coeff_entropy": 3.9779006385803224,
      "std_coeff_entropy": 0.01644463837146759,
      "mean_top3": 0.02318328488338765,
      "mean_residual": 0.0,
      "mean_atoms_used": 1.0
    },
    "K128": {
      "label": "K128",
      "n_layers": 225,
      "mean_atom_entropy": 6.731687420739068,
      "std_atom_entropy": 0.13198183476924896,
      "mean_coeff_entropy": 3.927515162361993,
      "std_coeff_entropy": 0.02967957593500614,
      "mean_top3": 0.04802864115708712,
      "mean_residual": 0.0,
      "mean_atoms_used": 0.49993055555555554
    }
  }
}