{
  "layers_tested": 5,
  "transforms_tested": [
    "Raw",
    "DCT2",
    "FFT2",
    "Hadamard",
    "RandOrth"
  ],
  "results": {
    "model.layers.0.self_attn.q_proj": {
      "Raw": {
        "transform": "Raw",
        "mse": 2.3453808353224304e-06,
        "max_err": 0.0027880072593688965,
        "rel_err": 0.12789742075976737,
        "transform_shape": [
          4096,
          4096
        ]
      },
      "DCT2": {
        "transform": "DCT2",
        "mse": 2.1386398429967812e-07,
        "max_err": 0.002400386380031705,
        "rel_err": 0.035331298784691684,
        "transform_shape": [
          4096,
          4096
        ]
      },
      "FFT2": {
        "transform": "FFT2",
        "mse": 1.1233517227537959e-07,
        "max_err": 0.0018617335008457303,
        "rel_err": 0.025609186566697473,
        "transform_shape": [
          4096,
          4096,
          2
        ]
      },
      "Hadamard": {
        "transform": "Hadamard",
        "mse": 6201410048.0,
        "max_err": 3162879.0,
        "rel_err": 4209172.647944682,
        "transform_shape": [
          4096,
          4096
        ]
      },
      "RandOrth": {
        "transform": "RandOrth",
        "mse": 1.0131434891036406e-07,
        "max_err": 0.001671049278229475,
        "rel_err": 0.02431642201595177,
        "transform_shape": [
          4096,
          4096
        ]
      }
    },
    "model.layers.0.self_attn.k_proj": {
      "Raw": {
        "transform": "Raw",
        "mse": 2.505676320652128e-06,
        "max_err": 0.002650141716003418,
        "rel_err": 0.09046334532117509,
        "transform_shape": [
          1024,
          4096
        ]
      },
      "DCT2": {
        "transform": "DCT2",
        "mse": 1.525980195538068e-07,
        "max_err": 0.0021376758813858032,
        "rel_err": 0.020242876985802256,
        "transform_shape": [
          1024,
          4096
        ]
      },
      "FFT2": {
        "transform": "FFT2",
        "mse": 9.231250430730142e-08,
        "max_err": 0.0015413109213113785,
        "rel_err": 0.015749254546693826,
        "transform_shape": [
          1024,
          4096,
          2
        ]
      },
      "Hadamard": {
        "transform": "Hadamard",
        "mse": 806022976.0,
        "max_err": 737743.75,
        "rel_err": 1049703.2612124765,
        "transform_shape": [
          1024,
          4096
        ]
      },
      "RandOrth": {
        "transform": "RandOrth",
        "mse": 1.212296183439321e-07,
        "max_err": 0.0017725713551044464,
        "rel_err": 0.01804390201696188,
        "transform_shape": [
          1024,
          4096
        ]
      }
    },
    "model.layers.0.self_attn.v_proj": {
      "Raw": {
        "transform": "Raw",
        "mse": 1.941888605472286e-08,
        "max_err": 0.00024126842617988586,
        "rel_err": 0.024103808960293675,
        "transform_shape": [
          1024,
          4096
        ]
      },
      "DCT2": {
        "transform": "DCT2",
        "mse": 6.9955889969719465e-09,
        "max_err": 0.0004513682797551155,
        "rel_err": 0.01332341787050007,
        "transform_shape": [
          1024,
          4096
        ]
      },
      "FFT2": {
        "transform": "FFT2",
        "mse": 7.460103645939853e-09,
        "max_err": 0.00041995017090812325,
        "rel_err": 0.013758419864235798,
        "transform_shape": [
          1024,
          4096,
          2
        ]
      },
      "Hadamard": {
        "transform": "Hadamard",
        "mse": 57904968.0,
        "max_err": 64953.4296875,
        "rel_err": 1048746.4687632474,
        "transform_shape": [
          1024,
          4096
        ]
      },
      "RandOrth": {
        "transform": "RandOrth",
        "mse": 8.165895515332977e-09,
        "max_err": 0.0004692394286394119,
        "rel_err": 0.014397133283502526,
        "transform_shape": [
          1024,
          4096
        ]
      }
    },
    "model.layers.0.self_attn.o_proj": {
      "Raw": {
        "transform": "Raw",
        "mse": 9.294203664467204e-07,
        "max_err": 0.0016697347164154053,
        "rel_err": 0.1308731004115765,
        "transform_shape": [
          4096,
          4096
        ]
      },
      "DCT2": {
        "transform": "DCT2",
        "mse": 1.2360088064156116e-08,
        "max_err": 0.0006180703639984131,
        "rel_err": 0.013904848520806437,
        "transform_shape": [
          4096,
          4096
        ]
      },
      "FFT2": {
        "transform": "FFT2",
        "mse": 7.914460198321649e-09,
        "max_err": 0.00047453632578253746,
        "rel_err": 0.01112683343477459,
        "transform_shape": [
          4096,
          4096,
          2
        ]
      },
      "Hadamard": {
        "transform": "Hadamard",
        "mse": 1234297472.0,
        "max_err": 1941029.125,
        "rel_err": 4194725.429594846,
        "transform_shape": [
          4096,
          4096
        ]
      },
      "RandOrth": {
        "transform": "RandOrth",
        "mse": 1.1257473175874111e-08,
        "max_err": 0.0005799829959869385,
        "rel_err": 0.013269058175782316,
        "transform_shape": [
          4096,
          4096
        ]
      }
    },
    "model.layers.0.mlp.gate_proj": {
      "Raw": {
        "transform": "Raw",
        "mse": 1.3235783171694493e-06,
        "max_err": 0.0019913911819458008,
        "rel_err": 0.09851736031721732,
        "transform_shape": [
          14336,
          4096
        ]
      },
      "DCT2": {
        "transform": "DCT2",
        "mse": 8.772963155934121e-07,
        "max_err": 0.005469688214361668,
        "rel_err": 0.0738700667795619,
        "transform_shape": [
          14336,
          4096
        ]
      },
      "FFT2": {
        "transform": "FFT2",
        "mse": 9.916631142914412e-07,
        "max_err": 0.005492439493536949,
        "rel_err": 0.07853851827643328,
        "transform_shape": [
          14336,
          4096,
          2
        ]
      },
      "Hadamard": {
        "transform": "Hadamard",
        "mse": 46668800000.0,
        "max_err": 10087289.0,
        "rel_err": 16806549.466067724,
        "transform_shape": [
          16384,
          4096
        ]
      },
      "RandOrth": {
        "transform": "RandOrth",
        "mse": 3.1150861445894407e-08,
        "max_err": 0.0010561225935816765,
        "rel_err": 0.013919095329360077,
        "transform_shape": [
          14336,
          4096
        ]
      }
    }
  }
}