{
  "layers_tested": 5,
  "top_k_values": [
    64,
    128,
    256,
    512,
    1024
  ],
  "results": {
    "model.layers.0.self_attn.q_proj": {
      "Scalar_WAL_256": {
        "method": "Scalar_WAL_256",
        "mse": 5.411732672655489e-06,
        "max_err": 0.6056582927703857,
        "rel_err": 0.032276144698900666,
        "psnr": 50.21290327120699
      },
      "Wave_DCT_64": {
        "method": "Wave_DCT_64",
        "mse": 0.00035225896863266826,
        "max_err": 0.7540139555931091,
        "rel_err": 1.0017917547589845,
        "psnr": 32.07772504896673
      },
      "Wave_DCT_128": {
        "method": "Wave_DCT_128",
        "mse": 0.00035219165147282183,
        "max_err": 0.7542594075202942,
        "rel_err": 1.0028716804290285,
        "psnr": 32.07855507060382
      },
      "Wave_DCT_256": {
        "method": "Wave_DCT_256",
        "mse": 0.00035207413020543754,
        "max_err": 0.7530301809310913,
        "rel_err": 1.004454114864613,
        "psnr": 32.080004489991744
      },
      "Wave_DCT_512": {
        "method": "Wave_DCT_512",
        "mse": 0.0003518710727803409,
        "max_err": 0.7534514665603638,
        "rel_err": 1.0068708832860709,
        "psnr": 32.08250998889268
      },
      "Wave_DCT_1024": {
        "method": "Wave_DCT_1024",
        "mse": 0.0003515200805850327,
        "max_err": 0.7530759572982788,
        "rel_err": 1.010208932640413,
        "psnr": 32.08684424707018
      },
      "Wave_FFT_256": {
        "method": "Wave_FFT_256",
        "mse": 0.0003522223560139537,
        "max_err": 0.7536711692810059,
        "rel_err": 1.0024984773795542,
        "psnr": 32.078176463453374
      }
    },
    "model.layers.0.self_attn.k_proj": {
      "Scalar_WAL_256": {
        "method": "Scalar_WAL_256",
        "mse": 6.543647486978443e-06,
        "max_err": 0.48080193996429443,
        "rel_err": 0.02624715662412555,
        "psnr": 48.782385473438126
      },
      "Wave_DCT_64": {
        "method": "Wave_DCT_64",
        "mse": 0.0007326555787585676,
        "max_err": 0.7029331922531128,
        "rel_err": 1.0020123740369125,
        "psnr": 28.2916515944118
      },
      "Wave_DCT_128": {
        "method": "Wave_DCT_128",
        "mse": 0.0007324094767682254,
        "max_err": 0.7019148468971252,
        "rel_err": 1.0033650775082361,
        "psnr": 28.29311065211579
      },
      "Wave_DCT_256": {
        "method": "Wave_DCT_256",
        "mse": 0.0007319722208194435,
        "max_err": 0.7015807628631592,
        "rel_err": 1.0054183918427706,
        "psnr": 28.295704208505583
      },
      "Wave_DCT_512": {
        "method": "Wave_DCT_512",
        "mse": 0.0007311834488064051,
        "max_err": 0.7004875540733337,
        "rel_err": 1.0084792766743933,
        "psnr": 28.3003866811394
      },
      "Wave_DCT_1024": {
        "method": "Wave_DCT_1024",
        "mse": 0.0007297703996300697,
        "max_err": 0.6979416608810425,
        "rel_err": 1.0130790734426676,
        "psnr": 28.308787761953162
      },
      "Wave_FFT_256": {
        "method": "Wave_FFT_256",
        "mse": 0.0007324182661250234,
        "max_err": 0.7026374340057373,
        "rel_err": 1.0032914531735044,
        "psnr": 28.2930585344705
      }
    },
    "model.layers.0.self_attn.v_proj": {
      "Scalar_WAL_256": {
        "method": "Scalar_WAL_256",
        "mse": 9.03353765124848e-08,
        "max_err": 0.03239896520972252,
        "rel_err": 0.014390829770014258,
        "psnr": 46.286091862674745
      },
      "Wave_DCT_64": {
        "method": "Wave_DCT_64",
        "mse": 5.264107676339336e-05,
        "max_err": 0.061985455453395844,
        "rel_err": 1.0000849363365218,
        "psnr": 18.636219481852073
      },
      "Wave_DCT_128": {
        "method": "Wave_DCT_128",
        "mse": 5.262641207082197e-05,
        "max_err": 0.06199021264910698,
        "rel_err": 1.0001566211877697,
        "psnr": 18.637429500837822
      },
      "Wave_DCT_256": {
        "method": "Wave_DCT_256",
        "mse": 5.259936006041244e-05,
        "max_err": 0.06212529540061951,
        "rel_err": 1.000309288536342,
        "psnr": 18.639662512111773
      },
      "Wave_DCT_512": {
        "method": "Wave_DCT_512",
        "mse": 5.255005453363992e-05,
        "max_err": 0.06182247772812843,
        "rel_err": 1.0005444260056109,
        "psnr": 18.643735398133604
      },
      "Wave_DCT_1024": {
        "method": "Wave_DCT_1024",
        "mse": 5.246010186965577e-05,
        "max_err": 0.06146792694926262,
        "rel_err": 1.000896155956676,
        "psnr": 18.651175798584394
      },
      "Wave_FFT_256": {
        "method": "Wave_FFT_256",
        "mse": 5.262343256617896e-05,
        "max_err": 0.06207798048853874,
        "rel_err": 1.0001980886892698,
        "psnr": 18.63767538813033
      }
    },
    "model.layers.0.self_attn.o_proj": {
      "Scalar_WAL_256": {
        "method": "Scalar_WAL_256",
        "mse": 5.656604002979293e-07,
        "max_err": 0.40935295820236206,
        "rel_err": 0.01392807853009403,
        "psnr": 55.78324223790901
      },
      "Wave_DCT_64": {
        "method": "Wave_DCT_64",
        "mse": 7.014222501311451e-05,
        "max_err": 0.4627312421798706,
        "rel_err": 0.9999578484027816,
        "psnr": 34.849766126914275
      },
      "Wave_DCT_128": {
        "method": "Wave_DCT_128",
        "mse": 7.013583672232926e-05,
        "max_err": 0.4626726806163788,
        "rel_err": 0.9999193081202871,
        "psnr": 34.8501616834894
      },
      "Wave_DCT_256": {
        "method": "Wave_DCT_256",
        "mse": 7.01238532201387e-05,
        "max_err": 0.4627333879470825,
        "rel_err": 0.9998517896329626,
        "psnr": 34.850903787149974
      },
      "Wave_DCT_512": {
        "method": "Wave_DCT_512",
        "mse": 7.010153058217838e-05,
        "max_err": 0.46250826120376587,
        "rel_err": 0.9997205482921956,
        "psnr": 34.85228650181683
      },
      "Wave_DCT_1024": {
        "method": "Wave_DCT_1024",
        "mse": 7.006026135059074e-05,
        "max_err": 0.4621300995349884,
        "rel_err": 0.9994855839563064,
        "psnr": 34.85484397118804
      },
      "Wave_FFT_256": {
        "method": "Wave_FFT_256",
        "mse": 7.013429421931505e-05,
        "max_err": 0.4626556932926178,
        "rel_err": 0.9999123007961972,
        "psnr": 34.85025719913307
      }
    },
    "model.layers.0.mlp.gate_proj": {
      "Scalar_WAL_256": {
        "method": "Scalar_WAL_256",
        "mse": 4.031878972909908e-07,
        "max_err": 0.5512662529945374,
        "rel_err": 0.010637558558545208,
        "psnr": 59.529463220656766
      },
      "Wave_DCT_64": {
        "method": "Wave_DCT_64",
        "mse": 0.0001651505008339882,
        "max_err": 0.6015405654907227,
        "rel_err": 0.9996742441282933,
        "psnr": 33.40681353013251
      },
      "Wave_DCT_128": {
        "method": "Wave_DCT_128",
        "mse": 0.00016508229600731283,
        "max_err": 0.6014487147331238,
        "rel_err": 0.9994617828849064,
        "psnr": 33.40860747444266
      },
      "Wave_DCT_256": {
        "method": "Wave_DCT_256",
        "mse": 0.00016497766773682088,
        "max_err": 0.6007804274559021,
        "rel_err": 0.9991277179575879,
        "psnr": 33.41136088046006
      },
      "Wave_DCT_512": {
        "method": "Wave_DCT_512",
        "mse": 0.0001648320903768763,
        "max_err": 0.6015164852142334,
        "rel_err": 0.9986807945015033,
        "psnr": 33.41519481249665
      },
      "Wave_DCT_1024": {
        "method": "Wave_DCT_1024",
        "mse": 0.0001646529563004151,
        "max_err": 0.6014970541000366,
        "rel_err": 0.9981492731759763,
        "psnr": 33.41991714524919
      },
      "Wave_FFT_256": {
        "method": "Wave_FFT_256",
        "mse": 0.00016506198153365403,
        "max_err": 0.6009246706962585,
        "rel_err": 0.9994013032328678,
        "psnr": 33.409141935227204
      }
    }
  },