{
  "layers_tested": 5,
  "transforms_tested": [
    "Raw",
    "DCT2",
    "RandOrth",
    "GraphRow",
    "Graph2D"
  ],
  "results": {
    "model.layers.0.self_attn.q_proj": {
      "Raw": {
        "transform": "Raw",
        "mse": 2.3453808353224304e-06,
        "max_err": 0.0027880072593688965,
        "rel_err": 0.12789742075976737,
        "psnr": 53.844027986687735
      },
      "DCT2": {
        "transform": "DCT2",
        "mse": 2.1386398429967812e-07,
        "max_err": 0.002400386380031705,
        "rel_err": 0.035331298784691684,
        "psnr": 64.242940109411
      },
      "RandOrth": {
        "transform": "RandOrth",
        "mse": 9.916077203797613e-08,
        "max_err": 0.0016752202063798904,
        "rel_err": 0.024057448304873188,
        "psnr": 67.57857038628782
      },
      "GraphRow": {
        "transform": "GraphRow",
        "mse": 2.952076647488866e-05,
        "max_err": 0.03099282830953598,
        "rel_err": 0.4181665707101973,
        "psnr": 42.84505586959669
      },
      "Graph2D": {
        "transform": "Graph2D",
        "mse": 0.0005279032047837973,
        "max_err": 0.2400999367237091,
        "rel_err": 1.6826599203419559,
        "psnr": 30.320803066091614
      }
    },
    "model.layers.0.self_attn.k_proj": {
      "Raw": {
        "transform": "Raw",
        "mse": 2.505676320652128e-06,
        "max_err": 0.002650141716003418,
        "rel_err": 0.09046334532117509,
        "psnr": 52.951227787037574
      },
      "DCT2": {
        "transform": "DCT2",
        "mse": 1.525980195538068e-07,
        "max_err": 0.0021376758813858032,
        "rel_err": 0.020242876985802256,
        "psnr": 65.10231675155379
      },
      "RandOrth": {
        "transform": "RandOrth",
        "mse": 1.413084191881353e-07,
        "max_err": 0.0021168645471334457,
        "rel_err": 0.019480370561808718,
        "psnr": 65.43589812285403
      },
      "GraphRow": {
        "transform": "GraphRow",
        "mse": 1.3949364074505866e-05,
        "max_err": 0.02629241719841957,
        "rel_err": 0.18521409820892287,
        "psnr": 45.49507556844678
      },
      "Graph2D": {
        "transform": "Graph2D",
        "mse": 0.00021765928249806166,
        "max_err": 0.15276268124580383,
        "rel_err": 0.7332043622463669,
        "psnr": 33.56287686842957
      }
    },
    "model.layers.0.self_attn.v_proj": {
      "Raw": {
        "transform": "Raw",
        "mse": 1.941888605472286e-08,
        "max_err": 0.00024126842617988586,
        "rel_err": 0.024103808960293675,
        "psnr": 52.944925085070274
      },
      "DCT2": {
        "transform": "DCT2",
        "mse": 6.9955889969719465e-09,
        "max_err": 0.0004513682797551155,
        "rel_err": 0.01332341787050007,
        "psnr": 57.339590857112974
      },
      "RandOrth": {
        "transform": "RandOrth",
        "mse": 7.066162321933689e-09,
        "max_err": 0.0004339925944805145,
        "rel_err": 0.01339078512735142,
        "psnr": 57.29660896086337
      },
      "GraphRow": {
        "transform": "GraphRow",
        "mse": 6.932253171498814e-08,
        "max_err": 0.001362576731480658,
        "rel_err": 0.04206487816606353,
        "psnr": 47.43447089740754
      },
      "Graph2D": {
        "transform": "Graph2D",
        "mse": 2.5867639124044217e-06,
        "max_err": 0.009709758684039116,
        "rel_err": 0.2561039401001456,
        "psnr": 31.72173954991489
      }
    },
    "model.layers.0.self_attn.o_proj": {
      "Raw": {
        "transform": "Raw",
        "mse": 9.294203664467204e-07,
        "max_err": 0.0016697347164154053,
        "rel_err": 0.1308731004115765,
        "psnr": 53.62697860158019
      },
      "DCT2": {
        "transform": "DCT2",
        "mse": 1.2360088064156116e-08,
        "max_err": 0.0006180703639984131,
        "rel_err": 0.013904848520806437,
        "psnr": 72.35435658271727
      },
      "RandOrth": {
        "transform": "RandOrth",
        "mse": 1.1152473611275582e-08,
        "max_err": 0.0005934592336416245,
        "rel_err": 0.01320925185081066,
        "psnr": 72.79708766941997
      },
      "GraphRow": {
        "transform": "GraphRow",
        "mse": 4.52758371238815e-07,
        "max_err": 0.003695141291245818,
        "rel_err": 0.08427861055717946,
        "psnr": 56.74994369836468
      },
      "Graph2D": {
        "transform": "Graph2D",
        "mse": 1.7410694681530003e-06,
        "max_err": 0.007311364635825157,
        "rel_err": 0.1650441247294263,
        "psnr": 50.90115726979999
      }
    },
    "model.layers.0.mlp.gate_proj": {
      "Raw": {
        "transform": "Raw",
        "mse": 1.3235783171694493e-06,
        "max_err": 0.0019913911819458008,
        "rel_err": 0.09851736031721732,
        "psnr": 54.36779056196719
      },
      "DCT2": {
        "transform": "DCT2",
        "mse": 8.772963155934121e-07,
        "max_err": 0.005469688214361668,
        "rel_err": 0.0738700667795619,
        "psnr": 56.15365704687629
      },
      "RandOrth": {
        "transform": "RandOrth",
        "mse": 2.6967684974010808e-08,
        "max_err": 0.0009564477950334549,
        "rel_err": 0.012950708914536632,
        "psnr": 71.26110397724456
      },
      "GraphRow": {
        "transform": "GraphRow",
        "mse": 6.799236871302128e-06,
        "max_err": 0.015166385099291801,
        "rel_err": 0.206020367566889,
        "psnr": 47.26094952339694
      },
      "Graph2D": {
        "transform": "Graph2D",
        "mse": 3.5091277823084965e-05,
        "max_err": 0.033699456602334976,
        "rel_err": 0.46724471122393124,
        "psnr": 40.13361090419592
      }
    }
  }
}