{
  "variants": [
    "base",
    "noisy_small",
    "noisy_medium",
    "noisy_large",
    "quantized",
    "sparse",
    "scaled_up",
    "scaled_down"
  ],
  "num_layers": 8,
  "accuracy": 0.0,
  "separable_pairs": "14/28",
  "fingerprints": {
    "base": {
      "mean_mean": -7.96244398060253e-06,
      "std_mean": 0.015525038354098797,
      "entropy_mean": 2.9393836557865143,
      "sparsity_mean": 0.6226703524589539,
      "top_sv_mean": 12.911202475428581,
      "sv_entropy_mean": 7.5370705127716064,
      "sv_top5_mean": 0.019190326069677154,
      "skew_mean": -0.0016857673803009952,
      "kurtosis_mean": 9.39535486525406,
      "median_mean": -4.740990698337555e-05,
      "iqr_mean": 0.014304161071777344,
      "peakiness_mean": 43.516694634824205
    },
    "noisy_small": {
      "mean_mean": -7.972275184897626e-06,
      "std_mean": 0.015525395865552127,
      "entropy_mean": 2.9395253360271454,
      "sparsity_mean": 0.6226480156183243,
      "top_sv_mean": 12.910324275493622,
      "sv_entropy_mean": 7.537898004055023,
      "sv_top5_mean": 0.01918299227717036,
      "skew_mean": -0.0016823652333712816,
      "kurtosis_mean": 9.39479893624669,
      "median_mean": 2.6941299438476562e-05,
      "iqr_mean": 0.014338970184326172,
      "peakiness_mean": 43.5120583695397
    },
    "noisy_medium": {
      "mean_mean": -8.145474780008044e-06,
      "std_mean": 0.01556312630418688,
      "entropy_mean": 2.950805217027664,
      "sparsity_mean": 0.6210740730166435,
      "top_sv_mean": 12.911715596914291,
      "sv_entropy_mean": 7.557278573513031,
      "sv_top5_mean": 0.01891039466924106,
      "skew_mean": -0.001757411128738512,
      "kurtosis_mean": 9.331138846050159,
      "median_mean": -6.0558319091796875e-05,
      "iqr_mean": 0.014458179473876953,
      "peakiness_mean": 43.25832988511712
    },
    "noisy_large": {
      "mean_mean": -8.007501833162678e-06,
      "std_mean": 0.01876198872923851,
      "entropy_mean": 3.2269213795661926,
      "sparsity_mean": 0.47558609023690224,
      "top_sv_mean": 12.973980695009232,
      "sv_entropy_mean": 7.7409844398498535,
      "sv_top5_mean": 0.013340987356802787,
      "skew_mean": -0.002281719865794567,
      "kurtosis_mean": 6.517217867283154,
      "median_mean": -3.8623809814453125e-05,
      "iqr_mean": 0.021697998046875,
      "peakiness_mean": 32.7415975192882
    },
    "quantized": {
      "mean_mean": -8.11814311418857e-06,
      "std_mean": 0.015559047868009657,
      "entropy_mean": 2.8692905604839325,
      "sparsity_mean": 0.6130849495530128,
      "top_sv_mean": 12.911081090569496,
      "sv_entropy_mean": 7.556912839412689,
      "sv_top5_mean": 0.018860177196487634,
      "skew_mean": -0.001740390734014473,
      "kurtosis_mean": 9.329742438263048,
      "median_mean": 0.0,
      "iqr_mean": 0.013881683349609375,
      "peakiness_mean": 43.96372628059855
    },
    "sparse": {
      "mean_mean": -7.284510843419412e-06,
      "std_mean": 0.01489990606205538,
      "entropy_mean": 1.7412112653255463,
      "sparsity_mean": 0.6247822418808937,
      "top_sv_mean": 12.38223648071289,
      "sv_entropy_mean": 7.573510706424713,
      "sv_top5_mean": 0.01830530217798442,
      "skew_mean": -0.0008488598792481645,
      "kurtosis_mean": 11.807321346892161,
      "median_mean": 0.0,
      "iqr_mean": 0.00267791748046875,
      "peakiness_mean": 63.32252011687577
    },
    "scaled_up": {
      "mean_mean": -8.358146580178527e-06,
      "std_mean": 0.016301166848279536,
      "entropy_mean": 2.9357375502586365,
      "sparsity_mean": 0.605336882174015,
      "top_sv_mean": 13.556088417768478,
      "sv_entropy_mean": 7.537077724933624,
      "sv_top5_mean": 0.019189077335486568,
      "skew_mean": -0.001699511988335134,
      "kurtosis_mean": 9.406195101254,
      "median_mean": -3.3676624298095703e-06,
      "iqr_mean": 0.014863967895507812,
      "peakiness_mean": 43.55602264273813
    },
    "scaled_down": {
      "mean_mean": -7.567540045272381e-06,
      "std_mean": 0.014748977322597057,
      "entropy_mean": 2.944709450006485,
      "sparsity_mean": 0.6412773206830025,
      "top_sv_mean": 12.266261756420135,
      "sv_entropy_mean": 7.537081301212311,
      "sv_top5_mean": 0.01919036872573422,
      "skew_mean": -0.0016897725846034754,
      "kurtosis_mean": 9.381146455857705,
      "median_mean": -2.8442591428756714e-05,
      "iqr_mean": 0.013591289520263672,
      "peakiness_mean": 43.466703181793
    }
  }
}