{
  "status": "PASS",
  "tests": [
    "inverse_exactness",
    "energy_preservation",
    "vs_raw_wal",
    "padding_behavior"
  ],
  "wal_comparison": [
    {
      "shape": [
        100,
        200
      ],
      "mse_raw": 1.0418159490654944e-06,
      "mse_hadamard": 5.084465328764054e-07,
      "ratio": 0.48803873019267974
    },
    {
      "shape": [
        512,
        768
      ],
      "mse_raw": 8.43488123791758e-07,
      "mse_hadamard": 8.076094673015177e-07,
      "ratio": 0.9574639458716339
    }
  ]
}