{
  "0_q_proj": {
    "base": {
      "entropy": 1.171075701713562,
      "top10_energy": 0.4481599019344423,
      "sparsity": 0.6669741272926331,
      "kurtosis": 20.415252685546875,
      "low_freq": 0.06205169293365632
    },
    "noise": {
      "entropy": 1.1950918436050415,
      "top10_energy": 0.44163823346849423,
      "sparsity": 0.6660572290420532,
      "kurtosis": 20.31642723083496,
      "low_freq": 0.06205361033665874
    },
    "scale": {
      "entropy": 1.151543140411377,
      "top10_energy": 0.4481132050476563,
      "sparsity": 0.6642309427261353,
      "kurtosis": 20.417512893676758,
      "low_freq": 0.06205178443664897
    },
    "distances": {
      "base_noise": 0.10191476063861576,
      "base_scale": 0.01985338092082771,
      "noise_scale": 0.11027266825468539
    }
  },
  "0_v_proj": {
    "base": {
      "entropy": 2.8654584884643555,
      "top10_energy": 0.3430307674627824,
      "sparsity": 0.8470990657806396,
      "kurtosis": 5.252801418304443,
      "low_freq": 0.06241622750062178
    },
    "noise": {
      "entropy": 2.8952319622039795,
      "top10_energy": 0.3376637777770496,
      "sparsity": 0.844886302947998,
      "kurtosis": 5.173825740814209,
      "low_freq": 0.06241070373099341
    },
    "scale": {
      "entropy": 2.8670575618743896,
      "top10_energy": 0.34292868473906307,
      "sparsity": 0.8437683582305908,
      "kurtosis": 5.259514808654785,
      "low_freq": 0.06241657018637941
    },
    "distances": {
      "base_noise": 0.08460093558417606,
      "base_scale": 0.007663594427591301,
      "noise_scale": 0.0903625047320181
    }
  },
  "0_gate_proj": {
    "base": {
      "entropy": 1.1149067878723145,
      "top10_energy": 0.2661982766375021,
      "sparsity": 0.574802815914154,
      "kurtosis": 4.125611305236816,
      "low_freq": 0.06260050780957938
    },
    "noise": {
      "entropy": 1.116524338722229,
      "top10_energy": 0.2661104476096749,
      "sparsity": 0.5732006430625916,
      "kurtosis": 4.11174201965332,
      "low_freq": 0.06260063449377282
    },
    "scale": {
      "entropy": 1.1152797937393188,
      "top10_energy": 0.26620214760642175,
      "sparsity": 0.5692148804664612,
      "kurtosis": 4.127654075622559,
      "low_freq": 0.06260057383063182
    },
    "distances": {
      "base_noise": 0.014055184991635427,
      "base_scale": 0.005961298665729362,
      "noise_scale": 0.016451052542267735
    }
  },
  "8_q_proj": {
    "base": {
      "entropy": 1.5979390144348145,
      "top10_energy": 0.29447462560698595,
      "sparsity": 0.474898099899292,
      "kurtosis": 5.8952717781066895,
      "low_freq": 0.06267538978094032
    },
    "noise": {
      "entropy": 1.5991432666778564,
      "top10_energy": 0.2942629456325384,
      "sparsity": 0.47379088401794434,
      "kurtosis": 5.877885818481445,
      "low_freq": 0.06267425344694169
    },
    "scale": {
      "entropy": 1.5974500179290771,
      "top10_energy": 0.294429367345813,
      "sparsity": 0.4700697660446167,
      "kurtosis": 5.896145820617676,
      "low_freq": 0.06267557855819227
    },
    "distances": {
      "base_noise": 0.017464035967273903,
      "base_scale": 0.004931320720829198,
      "noise_scale": 0.018712808080413132
    }
  },
  "8_v_proj": {
    "base": {
      "entropy": 2.9170141220092773,
      "top10_energy": 0.2803834512498826,
      "sparsity": 0.7641386985778809,
      "kurtosis": 3.8061888217926025,
      "low_freq": 0.06249747210151755
    },
    "noise": {
      "entropy": 2.9360787868499756,
      "top10_energy": 0.27984442965501855,
      "sparsity": 0.7608630657196045,
      "kurtosis": 3.786045789718628,
      "low_freq": 0.062485141561683784
    },
    "scale": {
      "entropy": 2.9169375896453857,
      "top10_energy": 0.2803189360486512,
      "sparsity": 0.7588422298431396,
      "kurtosis": 3.8085412979125977,
      "low_freq": 0.06249740077560267
    },
    "distances": {
      "base_noise": 0.027932483841675945,
      "base_scale": 0.005796269867098891,
      "noise_scale": 0.0296098362639088
    }
  },
  "8_gate_proj": {
    "base": {
      "entropy": 1.7054836750030518,
      "top10_energy": 0.2720623402398825,
      "sparsity": 0.5300168991088867,
      "kurtosis": 3.663393974304199,
      "low_freq": 0.06259961999133225
    },
    "noise": {
      "entropy": 1.708494782447815,
      "top10_energy": 0.2719362871491778,
      "sparsity": 0.5287235379219055,
      "kurtosis": 3.6574466228485107,
      "low_freq": 0.06259745338577204
    },
    "scale": {
      "entropy": 1.7011085748672485,
      "top10_energy": 0.2719531102401862,
      "sparsity": 0.5247222781181335,
      "kurtosis": 3.663945198059082,
      "low_freq": 0.06259960948972224
    },
    "distances": {
      "base_noise": 0.0067916444707621,
      "base_scale": 0.0068913200081639325,
      "noise_scale": 0.010620636039010327
    }
  },
  "16_q_proj": {
    "base": {
      "entropy": 1.7163569927215576,
      "top10_energy": 0.29198526939572245,
      "sparsity": 0.46536725759506226,
      "kurtosis": 4.93259334564209,
      "low_freq": 0.0625660071175413
    },
    "noise": {
      "entropy": 1.7114635705947876,
      "top10_energy": 0.2917615750466019,
      "sparsity": 0.46438169479370117,
      "kurtosis": 4.921410083770752,
      "low_freq": 0.06256503148077129
    },
    "scale": {
      "entropy": 1.7162452936172485,
      "top10_energy": 0.29197388418203035,
      "sparsity": 0.4608060121536255,
      "kurtosis": 4.933141231536865,
      "low_freq": 0.06256624984391103
    },
    "distances": {
      "base_noise": 0.012248767298908269,
      "base_scale": 0.004595404802912566,
      "noise_scale": 0.013164926356415797
    }
  },
  "16_v_proj": {
    "base": {
      "entropy": 2.470203161239624,
      "top10_energy": 0.27377447850471964,
      "sparsity": 0.7178986072540283,
      "kurtosis": 3.7114124298095703,
      "low_freq": 0.0624526492171301
    },
    "noise": {
      "entropy": 2.4775185585021973,
      "top10_energy": 0.2734193749160275,
      "sparsity": 0.7150058746337891,
      "kurtosis": 3.695838451385498,
      "low_freq": 0.06246148030595557
    },
    "scale": {
      "entropy": 2.4718704223632812,
      "top10_energy": 0.2737674843714139,
      "sparsity": 0.7122471332550049,
      "kurtosis": 3.712801456451416,
      "low_freq": 0.06245283010734286
    },
    "distances": {
      "base_noise": 0.01745158788253266,
      "base_scale": 0.006053789059628344,
      "noise_scale": 0.018093559398967615
    }
  },
  "16_gate_proj": {
    "base": {
      "entropy": 1.4361224174499512,
      "top10_energy": 0.27324830781485515,
      "sparsity": 0.5182605981826782,
      "kurtosis": 4.13066291809082,
      "low_freq": 0.06264968476506062
    },
    "noise": {
      "entropy": 1.4438475370407104,
      "top10_energy": 0.2731167794665435,
      "sparsity": 0.517015278339386,
      "kurtosis": 4.120538234710693,
      "low_freq": 0.06264826236062812
    },
    "scale": {
      "entropy": 1.4393842220306396,
      "top10_energy": 0.2731316877051902,
      "sparsity": 0.5130137205123901,
      "kurtosis": 4.131047248840332,
      "low_freq": 0.06264975518962519
    },
    "distances": {
      "base_noise": 0.01279667181266649,
      "base_scale": 0.006191155367903973,
      "noise_scale": 0.012098481242824583
    }
  },
  "24_q_proj": {
    "base": {
      "entropy": 2.349992275238037,
      "top10_energy": 0.28208837107797174,
      "sparsity": 0.47833436727523804,
      "kurtosis": 3.9807188510894775,
      "low_freq": 0.06256450621432788
    },
    "noise": {
      "entropy": 2.3569867610931396,
      "top10_energy": 0.281911869255177,
      "sparsity": 0.4771970510482788,
      "kurtosis": 3.9739866256713867,
      "low_freq": 0.06256710588819422
    },
    "scale": {
      "entropy": 2.3505380153656006,
      "top10_energy": 0.28201405885498826,
      "sparsity": 0.4735412001609802,
      "kurtosis": 3.980924606323242,
      "low_freq": 0.06256445476722972
    },