{
  "m164": {
    "llama_native_mse": 2.7509092470623386e-07,
    "gpt2_cross_mse": 0.004678316336746017,
    "gpt2_native_mse": 1.2715475501560528e-05,
    "cross_native_ratio": 367.9230349012007
  },
  "m165": {
    "llama_native_mse": 2.7509092470623386e-07,
    "bert_cross_mse": 4.127566474683893e-06,
    "bert_native_mse": 5.040711670289966e-07,
    "cross_native_ratio": 8.188459774463665
  }
}