{
  "baseline_losses": [
    7.322499752044678,
    7.2386393547058105,
    7.250847816467285,
    7.190608978271484,
    7.121309280395508,
    7.326550483703613,
    7.091784477233887,
    7.266097068786621,
    7.204154968261719,
    7.156951427459717,
    7.233529090881348,
    7.175853252410889,
    7.153403282165527,
    7.270245552062988,
    7.251247406005859,
    7.223812103271484,
    7.140378952026367,
    7.236100196838379,
    7.167816162109375,
    7.180453300476074,
    7.135392665863037,
    7.237624168395996,
    7.222658157348633,
    7.189576148986816,
    7.224029541015625,
    7.184004783630371,
    7.196293830871582,
    7.2185869216918945,
    7.232187271118164,
    7.172651290893555,
    7.174651145935059,
    7.2474775314331055,
    7.127342224121094,
    7.140989303588867,
    7.152895927429199,
    7.150595664978027,
    7.186378479003906,
    7.128635406494141,
    7.134457588195801,
    7.213510513305664,
    7.129964828491211,
    7.173890113830566,
    7.1443681716918945,
    7.195912837982178,
    7.188133239746094,
    7.126481056213379,
    7.231431007385254,
    7.114869117736816,
    7.104588508605957,
    7.196041107177734
  ],
  "wal_losses": [
    7.176949977874756,
    7.240004062652588,
    7.117140769958496,
    7.171147346496582,
    7.170434951782227,
    7.131315231323242,
    7.074542999267578,
    7.151880264282227,
    7.131937026977539,
    7.11920166015625,
    7.235504150390625,
    7.151433944702148,
    7.192678451538086,
    7.156891822814941,
    7.102667808532715,
    7.161587715148926,
    7.14597225189209,
    7.1227498054504395,
    7.30594539642334,
    7.144284248352051,
    7.11989688873291,
    7.09577751159668,
    7.159904479980469,
    7.148605823516846,
    7.252264976501465,
    7.142029762268066,
    7.189784049987793,
    7.112575054168701,
    7.1004133224487305,
    7.157052993774414,
    7.2030415534973145,
    7.1648454666137695,
    7.182872772216797,
    7.138576507568359,
    7.056740760803223,
    7.1671552658081055,
    7.128806114196777,
    7.194233417510986,
    7.112653732299805,
    7.205724239349365,
    7.161413192749023,
    7.142091751098633,
    7.124828815460205,
    7.154609680175781,
    7.189258575439453,
    7.081394672393799,
    7.11068058013916,
    7.076935768127441,
    7.143396854400635,
    7.12586784362793
  ],
  "baseline_final": 7.196041107177734,
  "wal_final": 7.12586784362793
}