{
  "baseline_losses": [
    7.341179847717285,
    7.199934005737305,
    7.221614837646484,
    7.178258895874023,
    7.25105094909668,
    7.177435874938965,
    7.257263660430908,
    7.136361122131348,
    7.289173603057861,
    7.175027847290039,
    7.175728797912598,
    7.2418928146362305,
    7.222846508026123,
    7.122612476348877,
    7.232807636260986,
    7.276226997375488,
    7.274200916290283,
    7.153007507324219,
    7.139402866363525,
    7.183856964111328,
    7.239173889160156,
    7.194491863250732,
    7.122840881347656,
    7.172504425048828,
    7.121515274047852,
    7.209569931030273,
    7.184475898742676,
    7.179666519165039,
    7.175592422485352,
    7.265583038330078,
    7.194309234619141,
    7.193367004394531,
    7.121146202087402,
    7.180435657501221,
    7.232836723327637,
    7.247320175170898,
    7.131651401519775,
    7.15946102142334,
    7.208449363708496,
    7.236708164215088,
    7.047683238983154,
    7.199068069458008,
    7.149166584014893,
    7.172619342803955,
    7.148125171661377,
    7.238983154296875,
    7.165483474731445,
    7.149308681488037,
    7.144164085388184,
    7.058804988861084
  ],
  "wal_losses": [
    7.179985046386719,
    7.16383171081543,
    7.171935081481934,
    7.1561994552612305,
    7.081660747528076,
    7.155837059020996,
    7.155908584594727,
    7.100763320922852,
    7.2168121337890625,
    7.154343128204346,
    7.132505416870117,
    7.165566921234131,
    7.18577766418457,
    7.180056571960449,
    7.162661552429199,
    7.169353008270264,
    7.119047164916992,
    7.107307434082031,
    7.109161376953125,
    7.236015319824219,
    7.162006378173828,
    7.193273544311523,
    7.129087448120117,
    7.1810197830200195,
    7.130965232849121,
    7.1442365646362305,
    7.168229103088379,
    7.117636203765869,
    7.191822528839111,
    7.285252571105957,
    7.060210227966309,
    7.1375017166137695,
    7.141422271728516,
    7.076678276062012,
    7.169634819030762,
    7.150117874145508,
    7.120849132537842,
    7.076925754547119,
    7.156983375549316,
    7.168514251708984,
    7.123254299163818,
    7.069444179534912,
    7.12269401550293,
    7.104300022125244,
    7.0983781814575195,
    7.1437273025512695,
    7.128669738769531,
    7.142686367034912,
    7.115771770477295,
    7.085762023925781
  ],
  "baseline_final": 7.058804988861084,
  "wal_final": 7.085762023925781
}