{
  "baseline": [
    7.320606231689453,
    7.322966575622559,
    7.258581161499023,
    7.225069999694824,
    7.229423999786377,
    7.229785919189453,
    7.2420268058776855,
    7.229604244232178,
    7.111058235168457,
    7.26702356338501,
    7.125646591186523,
    7.1894330978393555,
    7.185900688171387,
    7.322710037231445,
    7.206020355224609,
    7.18657112121582,
    7.1956467628479,
    7.200571537017822,
    7.150973320007324,
    7.237186908721924,
    7.2281975746154785,
    7.208980560302734,
    7.160338878631592,
    7.176481246948242,
    7.154112815856934,
    7.165062427520752,
    7.1651434898376465,
    7.212913513183594,
    7.16667366027832,
    7.212429046630859
  ],
  "gumbel": [
    6.992165565490723,
    6.964654445648193,
    7.012760162353516,
    7.013989448547363,
    7.006502628326416,
    7.017877101898193,
    6.958283424377441,
    7.012091636657715,
    7.00761079788208,
    6.978710651397705,
    7.017743110656738,
    6.99397087097168,
    7.043116569519043,
    6.98714542388916,
    6.978603363037109,
    6.992483139038086,
    7.0208024978637695,
    6.937969207763672,
    6.96225118637085,
    6.962133407592773,
    6.945242881774902,
    7.002682685852051,
    7.0318074226379395,
    7.050246238708496,
    6.988108158111572,
    6.9833526611328125,
    7.019878387451172,
    6.9576802253723145,
    7.010744571685791,
    6.9712347984313965
  ],
  "baseline_final": 7.212429046630859,
  "gumbel_final": 6.9712347984313965
}