{
  "baseline": [
    7.282102584838867,
    7.31907844543457,
    7.173879146575928,
    7.290594100952148,
    7.361055374145508,
    7.266840934753418,
    7.172369956970215,
    7.241032600402832,
    7.276286602020264,
    7.233001708984375,
    7.121020317077637,
    7.19853401184082,
    7.247476577758789,
    7.212144374847412,
    7.229824066162109,
    7.347990989685059,
    7.229742050170898,
    7.213264465332031,
    7.244301795959473,
    7.250759601593018,
    7.220709800720215,
    7.260272026062012,
    7.25018310546875,
    7.293948173522949,
    7.280261039733887,
    7.173008441925049,
    7.158799171447754,
    7.271872520446777,
    7.123274803161621,
    7.141894340515137
  ],
  "gumbel": [
    6.939248085021973,
    7.002345085144043,
    6.989163875579834,
    6.923968315124512,
    6.982675552368164,
    6.984935760498047,
    6.966477870941162,
    6.977733135223389,
    6.954834461212158,
    7.001450061798096,
    6.9565887451171875,
    6.954427719116211,
    6.9347991943359375,
    7.011544227600098,
    7.010951042175293,
    7.004891872406006,
    7.03936767578125,
    6.990025043487549,
    7.003561973571777,
    6.999692916870117,
    7.021966457366943,
    7.004237651824951,
    6.997984886169434,
    7.011120319366455,
    6.97879695892334,
    6.981874465942383,
    6.959866046905518,
    6.987900257110596,
    6.990442276000977,
    6.959187984466553
  ],
  "baseline_final": 7.141894340515137,
  "gumbel_final": 6.959187984466553
}