{
  "10M": {
    "dense_final": 9.520013809204102,
    "dense_time": 1.977698564529419,
    "wal_final": 9.596475601196289,
    "wal_time": 0.506859540939331,
    "gumbel_final": 9.648330688476562,
    "gumbel_time": 2.2071597576141357,
    "gumbel_entropy": 6.238322734832764,
    "params_M": 8.321808
  },
  "30M": {
    "dense_final": 9.717016220092773,
    "dense_time": 0.6087288856506348,
    "wal_final": 9.71208381652832,
    "wal_time": 0.5969500541687012,
    "gumbel_final": 36.70604705810547,
    "gumbel_time": 4.317863941192627,
    "gumbel_entropy": 6.238323211669922,
    "params_M": 29.22984
  }
}