{
  "10M": {
    "dense_final": 9.659429550170898,
    "dense_time": 1.4946680068969727,
    "factorized_final": 10.391931533813477,
    "factorized_time": 0.40471911430358887,
    "params_M": 192.631808
  },
  "30M": {
    "dense_final": 10.057323455810547,
    "dense_time": 0.37924623489379883,
    "factorized_final": 10.799531936645508,
    "factorized_time": 0.5478899478912354,
    "params_M": 397.85984
  }
}