{
  "10M": {
    "dense_final": 9.708826065063477,
    "dense_time": 1.7008535861968994,
    "factorized_final": 9.7678861618042,
    "factorized_time": 0.407365083694458,
    "params_M": 192.631808
  },
  "30M": {
    "dense_final": 10.053190231323242,
    "dense_time": 0.37854504585266113,
    "factorized_final": 10.51683521270752,
    "factorized_time": 0.5447056293487549,
    "params_M": 397.85984
  }
}