{
  "constant_high": {
    "losses": [
      4.609739780426025,
      4.612209320068359,
      4.598110675811768,
      4.610543251037598,
      4.591448783874512,
      4.602173805236816,
      4.606444358825684,
      4.614507675170898,
      4.598793983459473,
      4.599039077758789,
      4.60226583480835,
      4.599819183349609,
      4.61135196685791,
      4.612571716308594,
      4.603096008300781,
      4.616623401641846,
      4.616737365722656,
      4.606330871582031,
      4.615334510803223,
      4.619850158691406,
      4.610389709472656,
      4.61187219619751,
      4.620002746582031,
      4.612677574157715,
      4.6114888191223145,
      4.605877876281738,
      4.590202808380127,
      4.609519004821777,
      4.595378398895264,
      4.606563568115234,
      4.610598564147949,
      4.594182014465332,
      4.605081558227539,
      4.608782768249512,
      4.618012428283691,
      4.611769676208496,
      4.60146427154541,
      4.603166580200195,
      4.615134239196777,
      4.6012139320373535,
      4.603396892547607,
      4.611019134521484,
      4.613238334655762,
      4.6132097244262695,
      4.6168212890625,
      4.607480049133301,
      4.600550651550293,
      4.601211071014404,
      4.60590934753418,
      4.602104187011719
    ],
    "entropies": [
      3.46573543548584,
      3.4657349586486816,
      3.4657344818115234,
      3.4657340049743652,
      3.465733051300049,
      3.4657325744628906,
      3.4657320976257324,
      3.465731143951416,
      3.465730667114258,
      3.4657301902770996,
      3.4657294750213623,
      3.465728759765625,
      3.465728282928467,
      3.4657278060913086,
      3.4657270908355713,
      3.465726375579834,
      3.465725898742676,
      3.4657254219055176,
      3.4657249450683594,
      3.465724468231201,
      3.465723752975464,
      3.4657232761383057,
      3.4657225608825684,
      3.46572208404541,
      3.465721607208252,
      3.4657211303710938,
      3.4657206535339355,
      3.4657201766967773,
      3.465719699859619,
      3.465718984603882,
      3.4657185077667236,
      3.4657180309295654,
      3.4657175540924072,
      3.465717077255249,
      3.4657163619995117,
      3.4657158851623535,
      3.4657154083251953,
      3.465715169906616,
      3.465714454650879,
      3.4657139778137207,
      3.4657135009765625,
      3.4657130241394043,
      3.465712547302246,
      3.465712070465088,
      3.4657115936279297,
      3.4657111167907715,
      3.4657106399536133,
      3.465710163116455,
      3.465709686279297,
      3.4657092094421387
    ],
    "dead_atoms": [
      0,
      0,
      0,
      0,
      0,
      0,
      0,
      0,
      0,
      0,
      0,
      0,
      0,
      0,
      0,
      0,
      0,
      0,
      0,
      0,
      0,
      0,
      0,
      0,
      0,
      0,
      0,
      0,
      0,
      0,
      0,
      0,
      0,
      0,
      0,
      0,
      0,
      0,
      0,
      0,
      0,
      0,
      0,
      0,
      0,
      0,
      0,
      0,
      0,
      0
    ],
    "final_loss": 4.602104187011719,
    "final_entropy": 3.4657092094421387,
    "final_dead": 0,
    "start": 2.0,
    "end": 2.0,
    "schedule": "linear"
  },
  "constant_low": {
    "losses": [
      4.611061096191406,
      4.599925994873047,
      4.601720333099365,
      4.608867645263672,
      4.605162143707275,
      4.608192443847656,
      4.608206748962402,
      4.599677085876465,
      4.606714248657227,
      4.608485698699951,
      4.609651565551758,
      4.60837459564209,
      4.6041059494018555,
      4.608022689819336,
      4.613130569458008,
      4.596341133117676,
      4.59359073638916,
      4.60775089263916,
      4.603832244873047,
      4.607238292694092,
      4.610744953155518,
      4.615391731262207,
      4.598667621612549,
      4.604104042053223,
      4.595913887023926,
      4.597724914550781,
      4.597955226898193,
      4.615846633911133,
      4.610763072967529,
      4.606165409088135,
      4.613426208496094,
      4.6077470779418945,
      4.609265327453613,
      4.600698947906494,
      4.606348037719727,
      4.608468055725098,
      4.610989093780518,
      4.616457939147949,
      4.615511894226074,
      4.6039838790893555,
      4.603818416595459,
      4.611815452575684,
      4.613020896911621,
      4.596427917480469,
      4.607927322387695,
      4.597307205200195,
      4.602572441101074,
      4.612977981567383,
      4.607048034667969,
      4.611476898193359
    ],
    "entropies": [
      3.465735912322998,
      3.465735912322998,
      3.465735912322998,
      3.46573543548584,
      3.46573543548584,
      3.46573543548584,
      3.4657349586486816,
      3.4657349586486816,
      3.4657349586486816,
      3.4657344818115234,
      3.4657344818115234,
      3.4657340049743652,
      3.4657340049743652,
      3.465733528137207,
      3.465733051300049,
      3.465733051300049,
      3.4657325744628906,
      3.4657325744628906,
      3.4657320976257324,
      3.465731620788574,
      3.465731620788574,
      3.465731143951416,
      3.465730667114258,
      3.465730667114258,
      3.4657301902770996,
      3.4657297134399414,
      3.4657297134399414,
      3.465729236602783,
      3.465728759765625,
      3.465728759765625,
      3.465728282928467,
      3.4657278060913086,
      3.4657273292541504,
      3.4657273292541504,
      3.465726852416992,
      3.465726375579834,
      3.465725898742676,
      3.4657254219055176,
      3.4657254219055176,
      3.4657249450683594,
      3.465724468231201,
      3.465723991394043,
      3.465723752975464,
      3.4657235145568848,
      3.4657230377197266,
      3.4657225608825684,
      3.46572208404541,
      3.465721845626831,
      3.465721607208252,
      3.4657211303710938
    ],
    "dead_atoms": [
      0,
      0,
      0,
      0,
      0,
      0,
      0,
      0,
      0,
      0,
      0,
      0,
      0,
      0,
      0,
      0,
      0,
      0,
      0,
      0,
      0,
      0,
      0,
      0,
      0,
      0,
      0,
      0,
      0,
      0,
      0,
      0,
      0,
      0,
      0,
      0,
      0,
      0,
      0,
      0,
      0,
      0,
      0,
      0,
      0,
      0,
      0,
      0,
      0,
      0
    ],
    "final_loss": 4.611476898193359,
    "final_entropy": 3.4657211303710938,
    "final_dead": 0,
    "start": 0.1,
    "end": 0.1,
    "schedule": "linear"
  },
  "linear_decay": {
    "losses": [
      4.666029453277588,
      4.620055198669434,
      4.607443809509277,
      4.607069969177246,
      4.6158342361450195,
      4.604001998901367,
      4.657784938812256,
      4.605759620666504,
      4.652172088623047,
      4.6198859214782715,
      4.632765769958496,
      4.605903625488281,
      4.649932861328125,
      4.599296569824219,
      4.658329486846924,
      4.637539386749268,
      4.6671648025512695,
      4.649182319641113,
      4.643664360046387,
      4.634061336517334,
      4.6379475593566895,
      4.6470866203308105,
      4.730044364929199,
      4.6741108894348145,
      4.621068000793457,
      4.602537631988525,
      4.6113152503967285,
      4.644003868103027,
      4.669998645782471,
      4.653762340545654,
      4.603602886199951,
      4.636325359344482,
      4.634418487548828,
      4.672809600830078,
      4.635628700256348,
      4.6429643630981445,
      4.622220039367676,
      4.652523994445801,
      4.573380470275879,
      4.60114860534668,
      4.640199661254883,
      4.652623653411865,
      4.639235019683838,
      4.622986793518066,
      4.613752365112305,
      4.6359992027282715,
      4.6901445388793945,
      4.659280300140381,
      4.669186592102051,
      4.646679878234863
    ],