{
  "constant_high": {
    "losses": [
      4.619555950164795,
      4.612699508666992,
      4.645391941070557,
      4.642664909362793,
      4.624940395355225,
      4.604853630065918,
      4.654443740844727,
      4.6094818115234375,
      4.680411338806152,
      4.624537467956543,
      4.617671966552734,
      4.612701416015625,
      4.552319526672363,
      4.672214508056641,
      4.633997917175293,
      4.611475467681885,
      4.586080551147461,
      4.5805745124816895,
      4.610849380493164,
      4.59821081161499,
      4.580676555633545,
      4.6293230056762695,
      4.64332389831543,
      4.608835220336914,
      4.63472318649292,
      4.602442741394043,
      4.60902214050293,
      4.644138813018799,
      4.618833541870117,
      4.6374192237854,
      4.5788655281066895,
      4.6600728034973145,
      4.629030704498291,
      4.609859943389893,
      4.607499599456787,
      4.615634918212891,
      4.632777690887451,
      4.626229286193848,
      4.5827813148498535,
      4.626264572143555,
      4.620981216430664,
      4.674389362335205,
      4.629820823669434,
      4.612308502197266,
      4.630189418792725,
      4.618523597717285,
      4.607762336730957,
      4.614964485168457,
      4.631860733032227,
      4.6065449714660645
    ],
    "entropies": [
      3.46573543548584,
      3.4657349586486816,
      3.4657342433929443,
      3.465733528137207,
      3.465733051300049,
      3.4657320976257324,
      3.465731620788574,
      3.465730905532837,
      3.4657301902770996,
      3.4657297134399414,
      3.465728759765625,
      3.465728282928467,
      3.4657278060913086,
      3.4657270908355713,
      3.465726375579834,
      3.465725898742676,
      3.4657251834869385,
      3.465724468231201,
      3.465723991394043,
      3.4657235145568848,
      3.4657230377197266,
      3.4657225608825684,
      3.46572208404541,
      3.465721607208252,
      3.4657208919525146,
      3.4657204151153564,
      3.465719699859619,
      3.465719223022461,
      3.465718984603882,
      3.4657182693481445,
      3.4657177925109863,
      3.465717315673828,
      3.46571683883667,
      3.4657163619995117,
      3.4657158851623535,
      3.4657154083251953,
      3.465714931488037,
      3.465714454650879,
      3.4657139778137207,
      3.4657135009765625,
      3.4657130241394043,
      3.465712547302246,
      3.465712070465088,
      3.4657115936279297,
      3.4657111167907715,
      3.4657106399536133,
      3.465710163116455,
      3.465709686279297,
      3.4657092094421387,
      3.4657087326049805
    ],
    "dead_atoms": [
      0,
      0,
      0,
      0,
      0,
      0,
      0,
      0,
      0,
      0,
      0,
      0,
      0,
      0,
      0,
      0,
      0,
      0,
      0,
      0,
      0,
      0,
      0,
      0,
      0,
      0,
      0,
      0,
      0,
      0,
      0,
      0,
      0,
      0,
      0,
      0,
      0,
      0,
      0,
      0,
      0,
      0,
      0,
      0,
      0,
      0,
      0,
      0,
      0,
      0
    ],
    "final_loss": 4.6065449714660645,
    "final_entropy": 3.4657087326049805,
    "final_dead": 0,
    "start": 2.0,
    "end": 2.0,
    "schedule": "linear"
  },
  "constant_low": {
    "losses": [
      4.612138748168945,
      4.609062671661377,
      4.607878684997559,
      4.60720157623291,
      4.598101615905762,
      4.603850841522217,
      4.610348701477051,
      4.612462997436523,
      4.60492467880249,
      4.597705841064453,
      4.604175567626953,
      4.619150161743164,
      4.61526346206665,
      4.603500843048096,
      4.611063003540039,
      4.617542266845703,
      4.608831405639648,
      4.61898946762085,
      4.618586540222168,
      4.598803520202637,
      4.598145961761475,
      4.591421604156494,
      4.604088306427002,
      4.601970195770264,
      4.610652446746826,
      4.603041648864746,
      4.606416702270508,
      4.612064838409424,
      4.606407642364502,
      4.601194381713867,
      4.612454414367676,
      4.60913610458374,
      4.600161552429199,
      4.605571269989014,
      4.611164569854736,
      4.602949619293213,
      4.607821464538574,
      4.625540733337402,
      4.600964546203613,
      4.608747482299805,
      4.601139068603516,
      4.613305568695068,
      4.600866794586182,
      4.601970672607422,
      4.6158928871154785,
      4.605486869812012,
      4.599120140075684,
      4.609901428222656,
      4.598805904388428,
      4.597917079925537
    ],
    "entropies": [
      3.465735912322998,
      3.465735912322998,
      3.465735912322998,
      3.46573543548584,
      3.46573543548584,
      3.46573543548584,
      3.4657349586486816,
      3.4657349586486816,
      3.4657349586486816,
      3.4657344818115234,
      3.4657344818115234,
      3.4657340049743652,
      3.4657340049743652,
      3.465733528137207,
      3.465733051300049,
      3.465733051300049,
      3.4657325744628906,
      3.4657325744628906,
      3.4657320976257324,
      3.465731620788574,
      3.465731620788574,
      3.465731143951416,
      3.465730667114258,
      3.465730667114258,
      3.4657301902770996,
      3.4657297134399414,
      3.4657297134399414,
      3.465729236602783,
      3.465728759765625,
      3.465728521347046,
      3.465728282928467,
      3.4657278060913086,
      3.4657273292541504,
      3.4657273292541504,
      3.465726852416992,
      3.465726375579834,
      3.465725898742676,
      3.4657254219055176,
      3.4657254219055176,
      3.4657249450683594,
      3.465724468231201,
      3.465723991394043,
      3.465723991394043,
      3.4657235145568848,
      3.4657230377197266,
      3.4657225608825684,
      3.46572208404541,
      3.465721607208252,
      3.465721607208252,
      3.4657211303710938
    ],
    "dead_atoms": [
      0,
      0,
      0,
      0,
      0,
      0,
      0,
      0,
      0,
      0,
      0,
      0,
      0,
      0,
      0,
      0,
      0,
      0,
      0,
      0,
      0,
      0,
      0,
      0,
      0,
      0,
      0,
      0,
      0,
      0,
      0,
      0,
      0,
      0,
      0,
      0,
      0,
      0,
      0,
      0,
      0,
      0,
      0,
      0,
      0,
      0,
      0,
      0,
      0,
      0
    ],
    "final_loss": 4.597917079925537,
    "final_entropy": 3.4657211303710938,
    "final_dead": 0,
    "start": 0.1,
    "end": 0.1,
    "schedule": "linear"
  },
  "linear_decay": {
    "losses": [
      4.605648994445801,
      4.605492115020752,
      4.605776786804199,
      4.602996826171875,
      4.604811668395996,
      4.6059489250183105,
      4.604255676269531,
      4.604139804840088,
      4.605762004852295,
      4.604961395263672,
      4.6057233810424805,
      4.60752534866333,
      4.60630989074707,
      4.6055121421813965,
      4.605205535888672,
      4.605763912200928,
      4.605201721191406,
      4.607486248016357,
      4.606601715087891,
      4.604448318481445,
      4.604138374328613,
      4.6060709953308105,
      4.6042985916137695,
      4.605460166931152,
      4.604557037353516,
      4.6065993309021,
      4.605496883392334,
      4.603451728820801,
      4.6058759689331055,
      4.604884147644043,
      4.604265213012695,
      4.6057024002075195,
      4.603696823120117,
      4.603631973266602,
      4.603426933288574,
      4.603221416473389,
      4.603527545928955,
      4.604712009429932,
      4.60529899597168,
      4.605099678039551,
      4.605215549468994,
      4.605863571166992,
      4.606666564941406,
      4.604124069213867,
      4.608249664306641,
      4.605162620544434,
      4.603638648986816,
      4.604818344116211,
      4.605379581451416,
      4.605475425720215
    ],