{
  "base_ppl": 4.316894231380211,
  "tests": [
    {
      "name": "K256_Raw",
      "ppl": 5.495777599593126,
      "delta": 1.1788833682129152
    },
    {
      "name": "K256_Hadamard",
      "ppl": 4.3172812383752275,
      "delta": 0.00038700699501692526
    }
  ]
}