{
  "q_proj": {
    "top_atoms": [
      [
        29,
        32.0,
        0.2330274134874344
      ],
      [
        22,
        32.0,
        0.08346531540155411
      ],
      [
        9,
        3.2,
        0.03493481129407883
      ]
    ]
  },
  "k_proj": {
    "top_atoms": [
      [
        29,
        32.0,
        0.18718363344669342
      ],
      [
        22,
        32.0,
        0.11548557132482529
      ],
      [
        0,
        32.0,
        0.07687219232320786
      ]
    ]
  },
  "v_proj": {
    "top_atoms": [
      [
        0,
        32.0,
        0.31230130791664124
      ],
      [
        29,
        32.0,
        0.2771037817001343
      ],
      [
        9,
        32.0,
        0.2720367908477783
      ]
    ]
  },
  "o_proj": {
    "top_atoms": [
      [
        0,
        32.0,
        0.1547192931175232
      ],
      [
        29,
        32.0,
        0.14028328657150269
      ],
      [
        22,
        32.0,
        0.12953756749629974
      ]
    ]
  },
  "gate_proj": {
    "top_atoms": [
      [
        0,
        32.0,
        0.0592188760638237
      ],
      [
        9,
        32.0,
        0.05495638772845268
      ],
      [
        29,
        32.0,
        0.04784686863422394
      ]
    ]
  },
  "up_proj": {
    "top_atoms": [
      [
        0,
        16.0,
        0.04001661017537117
      ],
      [
        9,
        16.0,
        0.038098305463790894
      ],
      [
        29,
        32.0,
        0.0329657718539238
      ]
    ]
  },
  "down_proj": {
    "top_atoms": [
      [
        0,
        32.0,
        0.037171874195337296
      ],
      [
        29,
        32.0,
        0.03288218379020691
      ],
      [
        9,
        32.0,
        0.03081236407160759
      ]
    ]
  }
}