{
  "L0_q_proj": {
    "original": {
      "top1_energy": 4.0795475797494873e-07,
      "top10_energy": 3.878314146277262e-06,
      "spectral_norm": 32.11874008178711,
      "spectral_entropy": 16.485816955566406
    },
    "shuffled": {
      "top1_energy": 4.0787924149299215e-07,
      "top10_energy": 3.878279130731244e-06,
      "spectral_norm": 2.8823442459106445,
      "spectral_entropy": 16.485820770263672
    },
    "diff_pct": {
      "top1_energy": 0.01850645789093324,
      "top10_energy": 0.0009028315362315752,
      "spectral_norm": 91.02597350125791,
      "spectral_entropy": 2.3139267382887177e-05
    }
  },
  "L0_k_proj": {
    "original": {
      "top1_energy": 1.1107465525128646e-06,
      "top10_energy": 1.0769751497718971e-05,
      "spectral_norm": 18.841245651245117,
      "spectral_entropy": 15.107564926147461
    },
    "shuffled": {
      "top1_energy": 1.1099248240498127e-06,
      "top10_energy": 1.0767027561087161e-05,
      "spectral_norm": 2.694559335708618,
      "spectral_entropy": 15.107563972473145
    },
    "diff_pct": {
      "top1_energy": 0.07397317489017677,
      "top10_energy": 0.025292239474117573,
      "spectral_norm": 85.69861363908153,
      "spectral_entropy": 6.3125614290716235e-06
    }
  },
  "L0_v_proj": {
    "original": {
      "top1_energy": 9.920107686411939e-07,
      "top10_energy": 9.708154721010942e-06,
      "spectral_norm": 1.9605125188827515,
      "spectral_entropy": 15.109780311584473
    },
    "shuffled": {
      "top1_energy": 9.918925343299634e-07,
      "top10_energy": 9.710345693747513e-06,
      "spectral_norm": 0.6963239908218384,
      "spectral_entropy": 15.109781265258789
    },
    "diff_pct": {
      "top1_energy": 0.011917450648420612,
      "top10_energy": 0.022568142261751793,
      "spectral_norm": 64.48255320077531,
      "spectral_entropy": 6.311635885723425e-06
    }
  },
  "L0_o_proj": {
    "original": {
      "top1_energy": 2.962241012482991e-07,
      "top10_energy": 2.872392315111938e-06,
      "spectral_norm": 4.934442520141602,
      "spectral_entropy": 16.47332000732422
    },
    "shuffled": {
      "top1_energy": 2.962865437439177e-07,
      "top10_energy": 2.87312172986276e-06,
      "spectral_norm": 1.1069791316986084,
      "spectral_entropy": 16.47332000732422
    },
    "diff_pct": {
      "top1_energy": 0.021072364804466278,
      "top10_energy": 0.025393096684175605,
      "spectral_norm": 77.56627770497552,
      "spectral_entropy": 0.0
    }
  },
  "L0_gate_proj": {
    "original": {
      "top1_energy": 4.6608977299911203e-07,
      "top10_energy": 4.424230155564146e-06,
      "spectral_norm": 10.086883544921875,
      "spectral_entropy": 17.742595672607422
    },
    "shuffled": {
      "top1_energy": 4.661151820073428e-07,
      "top10_energy": 4.424164217198268e-06,
      "spectral_norm": 7.132387638092041,
      "spectral_entropy": 17.742595672607422
    },
    "diff_pct": {
      "top1_energy": 0.005450357279894593,
      "top10_energy": 0.0014903581685831377,
      "spectral_norm": 29.29047305486094,
      "spectral_entropy": 0.0
    }
  },
  "L0_up_proj": {
    "original": {
      "top1_energy": 8.485774571909133e-08,
      "top10_energy": 7.946433697725297e-07,
      "spectral_norm": 5.654047012329102,
      "spectral_entropy": 17.74340057373047
    },
    "shuffled": {
      "top1_energy": 8.485524460866145e-08,
      "top10_energy": 7.947868994051532e-07,
      "spectral_norm": 2.161058187484741,
      "spectral_entropy": 17.7434024810791
    },
    "diff_pct": {
      "top1_energy": 0.002943946321440017,
      "top10_energy": 0.018059871662046215,
      "spectral_norm": 61.77855997953042,
      "spectral_entropy": 1.0749622795675515e-05
    }
  },
  "L0_down_proj": {
    "original": {
      "top1_energy": 8.448834165619701e-08,
      "top10_energy": 8.15233818229899e-07,
      "spectral_norm": 6.79474401473999,
      "spectral_entropy": 17.743398666381836
    },
    "shuffled": {
      "top1_energy": 8.449828214907029e-08,
      "top10_energy": 8.151732231453934e-07,
      "spectral_norm": 2.1647257804870605,
      "spectral_entropy": 17.743398666381836
    },
    "diff_pct": {
      "top1_energy": 0.011751611012409006,
      "top10_energy": 0.007431935625726173,
      "spectral_norm": 68.14117241415993,
      "spectral_entropy": 0.0
    }
  },
  "L16_q_proj": {
    "original": {
      "top1_energy": 3.352820669988432e-07,
      "top10_energy": 3.2003667911340017e-06,
      "spectral_norm": 9.92047119140625,
      "spectral_entropy": 16.486522674560547
    },
    "shuffled": {
      "top1_energy": 3.35181084665237e-07,
      "top10_energy": 3.201010713382857e-06,
      "spectral_norm": 2.486707925796509,
      "spectral_entropy": 16.486522674560547
    },
    "diff_pct": {
      "top1_energy": 0.030109640181379686,
      "top10_energy": 0.020119635380658838,
      "spectral_norm": 74.93357041321194,
      "spectral_entropy": 0.0
    }
  },
  "L16_k_proj": {
    "original": {
      "top1_energy": 1.0513516599530703e-06,
      "top10_energy": 9.949820196197834e-06,
      "spectral_norm": 8.211030960083008,
      "spectral_entropy": 15.109698295593262
    },
    "shuffled": {
      "top1_energy": 1.0510997299206792e-06,
      "top10_energy": 9.949642844730988e-06,
      "spectral_norm": 2.596282958984375,
      "spectral_entropy": 15.109697341918945
    },
    "diff_pct": {
      "top1_energy": 0.023960210629402172,
      "top10_energy": 0.0017824410985074269,
      "spectral_norm": 68.38054841500063,
      "spectral_entropy": 6.311670145512284e-06
    }
  },
  "L16_v_proj": {
    "original": {
      "top1_energy": 1.050419882631104e-06,
      "top10_energy": 1.0147296961804386e-05,
      "spectral_norm": 1.156040906906128,
      "spectral_entropy": 15.109832763671875
    },
    "shuffled": {
      "top1_energy": 1.0514715995668666e-06,
      "top10_energy": 1.0146942258870695e-05,
      "spectral_norm": 0.9242821335792542,
      "spectral_entropy": 15.109833717346191
    },
    "diff_pct": {
      "top1_energy": 0.10011394864117829,
      "top10_energy": 0.003495506631174204,
      "spectral_norm": 20.047627373937317,
      "spectral_entropy": 6.311613975588329e-06
    }
  },
  "L16_o_proj": {
    "original": {
      "top1_energy": 3.065132716528751e-07,
      "top10_energy": 2.987966354339733e-06,
      "spectral_norm": 3.4351155757904053,
      "spectral_entropy": 16.487672805786133
    },
    "shuffled": {
      "top1_energy": 3.0634174663646263e-07,
      "top10_energy": 2.987611878779717e-06,
      "spectral_norm": 1.416324257850647,
      "spectral_entropy": 16.487672805786133
    },
    "diff_pct": {
      "top1_energy": 0.05594181083155335,
      "top10_energy": 0.011863041779549992,
      "spectral_norm": 58.76924002524934,
      "spectral_entropy": 0.0
    }
  },
  "L16_gate_proj": {
    "original": {
      "top1_energy": 6.220020054570341e-07,
      "top10_energy": 6.001909696351504e-06,
      "spectral_norm": 14.099397659301758,
      "spectral_entropy": 17.742103576660156
    },
    "shuffled": {
      "top1_energy": 6.219757437975204e-07,
      "top10_energy": 6.001798737997888e-06,
      "spectral_norm": 11.582307815551758,
      "spectral_entropy": 17.742103576660156
    },
    "diff_pct": {
      "top1_energy": 0.004221439455801125,
      "top10_energy": 0.0018486866771266048,
      "spectral_norm": 17.852463662315067,
      "spectral_entropy": 0.0
    }
  },
  "L16_up_proj": {
    "original": {
      "top1_energy": 8.439482002131626e-08,
      "top10_energy": 7.96528354385373e-07,
      "spectral_norm": 4.225472927093506,
      "spectral_entropy": 17.743392944335938
    },
    "shuffled": {
      "top1_energy": 8.440306231705108e-08,
      "top10_energy": 7.964445671859721e-07,
      "spectral_norm": 2.210235357284546,
      "spectral_entropy": 17.743392944335938
    },
    "diff_pct": {
      "top1_energy": 0.009754794119613256,
      "top10_energy": 0.01051772748730188,
      "spectral_norm": 47.69259215553535,