{
  "Baseline": {
    "final_task_loss": 9.769944190979004,
    "final_wave_loss": 0.0,
    "final_entropy": 14.616379737854004,
    "final_top10": 5.08371158502996e-05,
    "final_spec_norm": 4.143726348876953,
    "early_task": 9.732701587677003,
    "late_task": 9.588084983825684,
    "early_top10": 5.104246338305529e-05,
    "late_top10": 5.092147039249539e-05,
    "early_entropy": 14.616160488128662,
    "late_entropy": 14.616114807128906,
    "time": 2.850813388824463
  },
  "Wave_\u03bb=0.1": {
    "final_task_loss": 9.579246520996094,
    "final_wave_loss": 5.3274485253496096e-05,
    "final_entropy": 14.616034507751465,
    "final_top10": 5.150042488821782e-05,
    "final_spec_norm": 3.32039475440979,
    "early_task": 9.595766258239745,
    "late_task": 9.53963394165039,
    "early_top10": 5.252894879959058e-05,
    "late_top10": 5.2623172814492135e-05,
    "early_entropy": 14.616139030456543,
    "late_entropy": 14.616153526306153,
    "time": 2.5780558586120605
  },
  "Wave_\u03bb=1.0": {
    "final_task_loss": 9.82887077331543,
    "final_wave_loss": 8.77679412951693e-05,
    "final_entropy": 14.615652084350586,
    "final_top10": 8.776318281888962e-05,
    "final_spec_norm": 7.286833763122559,
    "early_task": 9.877552700042724,
    "late_task": 9.742296409606933,
    "early_top10": 8.81016909261234e-05,
    "late_top10": 8.820571383694187e-05,
    "early_entropy": 14.61598472595215,
    "late_entropy": 14.61580457687378,
    "time": 2.6169705390930176
  }
}