{
  "Baseline": {
    "final_task_loss": 9.654823303222656,
    "final_wave_loss": 0.0,
    "final_entropy": 14.616100311279297,
    "final_top10": 5.946095916442573e-05,
    "final_spec_norm": 3.7704341411590576,
    "early_task": 9.659134006500244,
    "late_task": 9.524371719360351,
    "early_top10": 5.929703766014427e-05,
    "late_top10": 5.926006160734687e-05,
    "early_entropy": 14.616139221191407,
    "late_entropy": 14.616029834747314,
    "time": 3.078422784805298
  },
  "Wave_\u03bb=0.1": {
    "final_task_loss": 10.049180030822754,
    "final_wave_loss": 8.833734318614006e-05,
    "final_entropy": 14.61585807800293,
    "final_top10": 8.946063462644815e-05,
    "final_spec_norm": 10.11733341217041,
    "early_task": 10.347496223449706,
    "late_task": 10.026882934570313,
    "early_top10": 8.92099407792557e-05,
    "late_top10": 8.919644969864748e-05,
    "early_entropy": 14.615977764129639,
    "late_entropy": 14.615843391418457,
    "time": 2.536393404006958
  },
  "Wave_\u03bb=1.0": {
    "final_task_loss": 9.80862808227539,
    "final_wave_loss": 4.3360960262361914e-05,
    "final_entropy": 14.616329193115234,
    "final_top10": 4.233437357470393e-05,
    "final_spec_norm": 3.876948595046997,
    "early_task": 9.746337127685546,
    "late_task": 9.718899345397949,
    "early_top10": 4.331165000621695e-05,
    "late_top10": 4.314952711865771e-05,
    "early_entropy": 14.616146755218505,
    "late_entropy": 14.616158771514893,
    "time": 2.5251245498657227
  }
}