{
  "baseline": {
    "survival": 0,
    "ppl": 1.168326497077942
  },
  "rank1_steps200": {
    "rank": 1,
    "steps": 200,
    "survival": 1,
    "ppl": 1310.2745361328125,
    "ppl_delta": 1309.1062096357346,
    "train_time": 13.179609060287476,
    "final_loss": 0.3104174733161926,
    "avg_wave_metrics": {
      "spectral_norm": 16.518312454223633,
      "top1_energy": 6.294515249768059e-07,
      "top10_energy": 6.016766140722514e-06,
      "spectral_entropy": 16.362491607666016,
      "sv_top1": 0.9858251015345255,
      "wave_risk_score": 0.350990402627402
    },
    "per_layer_metrics": {
      "layer_14": {
        "spectral_norm": 13.472257614135742,
        "top1_energy": 5.432781335912296e-07,
        "top10_energy": 5.367554877011571e-06,
        "spectral_entropy": 16.36547088623047,
        "sv_top1": 0.9857795238494873,
        "wave_risk_score": 0.04569708597759936,
        "fingerprint": [
          0.0009070512605831027,
          0.0008202366880141199,
          0.0004603648267220706,
          0.0010014551226049662,
          0.001253174734301865,
          0.0006969794631004333,
          0.0006474975380115211,
          0.0002593345707282424,
          0.0006446639890782535,
          0.0009944350458681583
        ]
      },
      "layer_15": {
        "spectral_norm": 17.628965377807617,
        "top1_energy": 6.471613573921786e-07,
        "top10_energy": 6.148954071250046e-06,
        "spectral_entropy": 16.356351852416992,
        "sv_top1": 0.9860647320747375,
        "wave_risk_score": 0.4637630747236243,
        "fingerprint": [
          0.0005046961014159024,
          0.0006054445984773338,
          0.0007392276893369853,
          0.00044466438703238964,
          0.00041296251583844423,
          0.0008174701943062246,
          0.0006909478106535971,
          0.00020517055236268789,
          0.0006086139474064112,
          0.0007743349997326732
        ]
      },
      "layer_16": {
        "spectral_norm": 18.45371437072754,
        "top1_energy": 6.979150839470094e-07,
        "top10_energy": 6.5337894739059266e-06,
        "spectral_entropy": 16.365652084350586,
        "sv_top1": 0.9856310486793518,
        "wave_risk_score": 0.5435110471809823,
        "fingerprint": [
          0.001292784116230905,
          0.002360663842409849,
          0.0017028021393343806,
          0.0009105518111027777,
          0.0006046539056114852,
          0.0007585994899272919,
          0.0010350652737542987,
          0.0004109968722332269,
          0.0013544243993237615,
          0.00106742512434721
        ]
      }
    }
  },
  "rank4_steps50": {
    "rank": 4,
    "steps": 50,
    "survival": 1,
    "ppl": 1230.833740234375,
    "ppl_delta": 1229.665413737297,
    "train_time": 3.3100531101226807,
    "final_loss": 0.30332082509994507,
    "avg_wave_metrics": {
      "spectral_norm": 0.8829153577486674,
      "top1_energy": 4.97601917004431e-07,
      "top10_energy": 4.634183975819421e-06,
      "spectral_entropy": 16.444682439168293,
      "sv_top1": 0.3875645498434703,
      "wave_risk_score": -2.425510222984042
    },
    "per_layer_metrics": {
      "layer_14": {
        "spectral_norm": 0.6849275827407837,
        "top1_energy": 5.710250547963369e-07,
        "top10_energy": 5.347360456653405e-06,
        "spectral_entropy": 16.4312744140625,
        "sv_top1": 0.4758540093898773,
        "wave_risk_score": -2.266047616348101,
        "fingerprint": [
          0.0007923177327029407,
          0.00036408656160347164,
          0.0008631678647361696,
          0.00044217225513421,
          0.0010053522419184446,
          0.0012114971177652478,
          0.0023750513792037964,
          0.0008400589576922357,
          0.0007208088063634932,
          0.00041847460670396686
        ]
      },
      "layer_15": {
        "spectral_norm": 0.9224293828010559,
        "top1_energy": 4.6696729327777575e-07,
        "top10_energy": 4.2746737562993076e-06,
        "spectral_entropy": 16.44877052307129,
        "sv_top1": 0.3580092787742615,
        "wave_risk_score": -2.4814874001772864,
        "fingerprint": [
          0.0004326694761402905,
          0.002075391821563244,
          0.0007469570264220238,
          0.0006850561476312578,
          0.0008738377364352345,
          0.0004550855665002018,
          0.0008000585366971791,
          0.0003315843059681356,
          0.0007363788899965584,
          0.0012963316403329372
        ]
      },
      "layer_16": {
        "spectral_norm": 1.0413891077041626,
        "top1_energy": 4.548134029391804e-07,
        "top10_energy": 4.2805177145055495e-06,
        "spectral_entropy": 16.454002380371094,
        "sv_top1": 0.328830361366272,
        "wave_risk_score": -2.5289956524267385,
        "fingerprint": [
          0.0006987620727159083,
          0.0019232718041166663,
          0.0012763006379827857,
          0.001377550303004682,
          0.001982397399842739,
          0.0011128190672025084,
          0.0006854735547676682,
          0.0020649300422519445,
          0.0006180511554703116,
          0.0009758303058333695
        ]
      }
    }
  },
  "rank4_steps100": {
    "rank": 4,
    "steps": 100,
    "survival": 0,
    "ppl": 3460.875244140625,
    "ppl_delta": 3459.706917643547,
    "train_time": 5.904130697250366,
    "final_loss": 0.2621711790561676,
    "avg_wave_metrics": {
      "spectral_norm": 4.997307062149048,
      "top1_energy": 5.621886316475866e-07,
      "top10_energy": 5.207581580179976e-06,
      "spectral_entropy": 16.419363021850586,
      "sv_top1": 0.518287460009257,
      "wave_risk_score": -1.747560646177855
    },
    "per_layer_metrics": {
      "layer_14": {
        "spectral_norm": 4.680827617645264,
        "top1_energy": 5.832123974869319e-07,
        "top10_energy": 5.594864433078328e-06,
        "spectral_entropy": 16.409997940063477,
        "sv_top1": 0.558738648891449,
        "wave_risk_score": -1.6964327671760429,
        "fingerprint": [
          0.0005439859814941883,
          0.001818797318264842,
          0.0006814933149144053,
          0.0012346411822363734,
          0.0004424950457178056,
          0.00011402784002711996,
          0.0002878578088711947,
          0.0004860035260207951,
          0.00026360826450400054,
          0.00023041990061756223
        ]
      },
      "layer_15": {
        "spectral_norm": 2.7297890186309814,
        "top1_energy": 5.117514092489728e-07,
        "top10_energy": 4.643608463084092e-06,
        "spectral_entropy": 16.440570831298828,
        "sv_top1": 0.4098135232925415,
        "wave_risk_score": -2.195502550700303,
        "fingerprint": [
          0.0007660245755687356,
          0.00017215716070495546,
          0.00034458714071661234,
          0.0008236491703428328,
          0.0016161693492904305,
          0.0011244895868003368,
          0.0013575042830780149,
          0.0007377529982477427,
          0.00044128671288490295,
          0.001381691312417388
        ]
      },
      "layer_16": {
        "spectral_norm": 7.581304550170898,
        "top1_energy": 5.916020882068551e-07,
        "top10_energy": 5.384271844377508e-06,
        "spectral_entropy": 16.407520294189453,
        "sv_top1": 0.5863102078437805,
        "wave_risk_score": -1.3507466206572194,
        "fingerprint": [
          0.0011184796458110213,
          0.0003542694903444499,
          0.0003461584565229714,
          0.0008852509199641645,
          0.0009228492854163051,
          0.0007106231059879065,
          0.0002629515074659139,
          0.001271478133276105,
          0.0002754011657088995,
          0.0004739989817608148
        ]
      }
    }
  },
  "rank8_steps200": {
    "rank": 8,
    "steps": 200,
    "survival": 0,
    "ppl": 1248.07470703125,
    "ppl_delta": 1246.906380534172,
    "train_time": 11.876423597335815,
    "final_loss": 0.1844005137681961,
    "avg_wave_metrics": {
      "spectral_norm": 5.1272445519765215,