{
  "baseline": {
    "survival": 0,
    "ppl": 5.715242385864258
  },
  "rank1_steps50": {
    "rank": 1,
    "steps": 50,
    "survival": 0,
    "ppl": 5.720728874206543,
    "ppl_delta": 0.005486488342285156,
    "train_time": 19.14372205734253,
    "final_loss": 2.732853889465332,
    "avg_wave_metrics": {
      "spectral_norm": 3.4841888745625815,
      "top1_energy": 6.54850756139543e-07,
      "top10_energy": 6.169768766994821e-06,
      "spectral_entropy": 16.35235595703125,
      "sv_top1": 0.9860473275184631,
      "wave_risk_score": -0.9499501694427864
    },
    "per_layer_metrics": {
      "layer_14": {
        "spectral_norm": 3.5326597690582275,
        "top1_energy": 6.122849072198733e-07,
        "top10_energy": 5.6897611102613155e-06,
        "spectral_entropy": 16.352418899536133,
        "sv_top1": 0.9862169623374939,
        "wave_risk_score": -0.9447769639954915
      },
      "layer_15": {
        "spectral_norm": 3.6021173000335693,
        "top1_energy": 6.688054554615519e-07,
        "top10_energy": 6.473499979620101e-06,
        "spectral_entropy": 16.34748077392578,
        "sv_top1": 0.9861982464790344,
        "wave_risk_score": -0.9368801207128401
      },
      "layer_16": {
        "spectral_norm": 3.3177895545959473,
        "top1_energy": 6.834619057372038e-07,
        "top10_energy": 6.346045211103046e-06,
        "spectral_entropy": 16.357168197631836,
        "sv_top1": 0.9857267737388611,
        "wave_risk_score": -0.9681934236200278
      }
    }
  },
  "rank1_steps100": {
    "rank": 1,
    "steps": 100,
    "survival": 0,
    "ppl": 5.731463432312012,
    "ppl_delta": 0.016221046447753906,
    "train_time": 21.245900630950928,
    "final_loss": 4.143980503082275,
    "avg_wave_metrics": {
      "spectral_norm": 4.411229292551677,
      "top1_energy": 6.438376847957746e-07,
      "top10_energy": 6.139719213630694e-06,
      "spectral_entropy": 16.3543275197347,
      "sv_top1": 0.9855258266131083,
      "wave_risk_score": -0.858683494070973
    },
    "per_layer_metrics": {
      "layer_14": {
        "spectral_norm": 4.670492649078369,
        "top1_energy": 6.631250926147914e-07,
        "top10_energy": 6.30688009550795e-06,
        "spectral_entropy": 16.35823631286621,
        "sv_top1": 0.9855082631111145,
        "wave_risk_score": -0.8335738383128959
      },
      "layer_15": {
        "spectral_norm": 4.457278728485107,
        "top1_energy": 6.180557647894602e-07,
        "top10_energy": 5.923626304138452e-06,
        "spectral_entropy": 16.360321044921875,
        "sv_top1": 0.9855124950408936,
        "wave_risk_score": -0.8553041863162436
      },
      "layer_16": {
        "spectral_norm": 4.105916500091553,
        "top1_energy": 6.503321969830722e-07,
        "top10_energy": 6.1886512412456796e-06,
        "spectral_entropy": 16.344425201416016,
        "sv_top1": 0.9855567216873169,
        "wave_risk_score": -0.8871724575837794
      }
    }
  },
  "rank2_steps50": {
    "rank": 2,
    "steps": 50,
    "survival": 1,
    "ppl": 5.7213544845581055,
    "ppl_delta": 0.006112098693847656,
    "train_time": 16.19631576538086,
    "final_loss": 2.6924641132354736,
    "avg_wave_metrics": {
      "spectral_norm": 2.202782154083252,
      "top1_energy": 5.026114043478932e-07,
      "top10_energy": 4.851518951909384e-06,
      "spectral_entropy": 16.424562454223633,
      "sv_top1": 0.541368325551351,
      "wave_risk_score": -1.9818917675919392
    },
    "per_layer_metrics": {
      "layer_14": {
        "spectral_norm": 2.3127567768096924,
        "top1_energy": 5.375475780056149e-07,
        "top10_energy": 5.24625784237287e-06,
        "spectral_entropy": 16.420581817626953,
        "sv_top1": 0.5645837783813477,
        "wave_risk_score": -1.9236668077287278
      },
      "layer_15": {
        "spectral_norm": 2.1366569995880127,
        "top1_energy": 4.7491448640357703e-07,
        "top10_energy": 4.6318004933709744e-06,
        "spectral_entropy": 16.43182373046875,
        "sv_top1": 0.5091490149497986,
        "wave_risk_score": -2.0543954346058855
      },
      "layer_16": {
        "spectral_norm": 2.158932685852051,
        "top1_energy": 4.953721486344875e-07,
        "top10_energy": 4.676498519984307e-06,
        "spectral_entropy": 16.421281814575195,
        "sv_top1": 0.5503721833229065,
        "wave_risk_score": -1.967613060441204
      }
    }
  },
  "rank2_steps100": {
    "rank": 2,
    "steps": 100,
    "survival": 1,
    "ppl": 5.7753376960754395,
    "ppl_delta": 0.06009531021118164,
    "train_time": 17.59280037879944,
    "final_loss": 2.7957470417022705,
    "avg_wave_metrics": {
      "spectral_norm": 3.662676970163981,
      "top1_energy": 5.418313454204812e-07,
      "top10_energy": 5.051959154419213e-06,
      "spectral_entropy": 16.422527313232422,
      "sv_top1": 0.5509536067644755,
      "wave_risk_score": -1.81632441647929
    },
    "per_layer_metrics": {
      "layer_14": {
        "spectral_norm": 3.983931064605713,
        "top1_energy": 6.032143460288353e-07,
        "top10_energy": 5.201918156672036e-06,
        "spectral_entropy": 16.423538208007812,
        "sv_top1": 0.528022825717926,
        "wave_risk_score": -1.8302624753582906
      },
      "layer_15": {
        "spectral_norm": 3.576178550720215,
        "top1_energy": 4.7400149583154416e-07,
        "top10_energy": 4.677517608797643e-06,
        "spectral_entropy": 16.419981002807617,
        "sv_top1": 0.5713616609573364,
        "wave_risk_score": -1.7836493980542287
      },
      "layer_16": {
        "spectral_norm": 3.4279212951660156,
        "top1_energy": 5.48278194401064e-07,
        "top10_energy": 5.276441697787959e-06,
        "spectral_entropy": 16.424062728881836,
        "sv_top1": 0.5534763336181641,
        "wave_risk_score": -1.835061376025351
      }
    }
  },
  "rank4_steps25": {
    "rank": 4,
    "steps": 25,
    "survival": 1,
    "ppl": 5.764667987823486,
    "ppl_delta": 0.049425601959228516,
    "train_time": 15.416879653930664,
    "final_loss": 0.8440942764282227,
    "avg_wave_metrics": {
      "spectral_norm": 0.952575147151947,
      "top1_energy": 4.80959916634068e-07,
      "top10_energy": 4.532811999524711e-06,
      "spectral_entropy": 16.446645736694336,
      "sv_top1": 0.3727867305278778,
      "wave_risk_score": -2.4484926768360844
    },
    "per_layer_metrics": {
      "layer_14": {
        "spectral_norm": 1.232477068901062,
        "top1_energy": 5.44637032362516e-07,
        "top10_energy": 5.162551133253146e-06,
        "spectral_entropy": 16.432342529296875,
        "sv_top1": 0.4663814306259155,
        "wave_risk_score": -2.23045168589224
      },
      "layer_15": {
        "spectral_norm": 0.7891825437545776,
        "top1_energy": 4.0961748482004623e-07,
        "top10_energy": 3.959748482884606e-06,
        "spectral_entropy": 16.456119537353516,
        "sv_top1": 0.31160539388656616,
        "wave_risk_score": -2.589090086338661
      },
      "layer_16": {
        "spectral_norm": 0.8360658288002014,
        "top1_energy": 4.886252327196416e-07,
        "top10_energy": 4.47613638243638e-06,
        "spectral_entropy": 16.451475143432617,
        "sv_top1": 0.34037336707115173,
        "wave_risk_score": -2.525936258277352
      }
    }
  },
  "rank4_steps50": {
    "rank": 4,
    "steps": 50,
    "survival": 1,
    "ppl": 5.783381938934326,
    "ppl_delta": 0.06813955307006836,
    "train_time": 17.76356053352356,
    "final_loss": 3.3591246604919434,
    "avg_wave_metrics": {
      "spectral_norm": 1.6043004592259724,
      "top1_energy": 4.758834961648972e-07,
      "top10_energy": 4.5089782361174e-06,
      "spectral_entropy": 16.449490229288738,
      "sv_top1": 0.37226779262224835,
      "wave_risk_score": -2.3849269539454254
    },
    "per_layer_metrics": {
      "layer_14": {
        "spectral_norm": 1.7369710206985474,
        "top1_energy": 4.871260443906067e-07,
        "top10_energy": 4.685365183831891e-06,