{
  "baseline": {
    "survival": 3,
    "ppl": 5.715242385864258
  },
  "rank1_baseline": {
    "rank": 1,
    "steps": 100,
    "wave_lambda": 0.0,
    "survival": 6,
    "ppl": 5.808028221130371,
    "ppl_delta": 0.09278583526611328,
    "train_time": 20.630850315093994,
    "final_loss": 3.0487637519836426
  },
  "rank1_wave010": {
    "rank": 1,
    "steps": 100,
    "wave_lambda": 0.1,
    "survival": 3,
    "ppl": 5.9375,
    "ppl_delta": 0.2222576141357422,
    "train_time": 22.97594451904297,
    "final_loss": 2.576101541519165
  },
  "rank2_baseline": {
    "rank": 2,
    "steps": 100,
    "wave_lambda": 0.0,
    "survival": 6,
    "ppl": 6.250214576721191,
    "ppl_delta": 0.5349721908569336,
    "train_time": 18.80286407470703,
    "final_loss": 2.620661735534668
  },
  "rank2_wave010": {
    "rank": 2,
    "steps": 100,
    "wave_lambda": 0.1,
    "survival": 4,
    "ppl": 6.447442531585693,
    "ppl_delta": 0.7322001457214355,
    "train_time": 19.950236797332764,
    "final_loss": 3.007545232772827
  },
  "rank4_baseline": {
    "rank": 4,
    "steps": 100,
    "wave_lambda": 0.0,
    "survival": 10,
    "ppl": 6.784111499786377,
    "ppl_delta": 1.0688691139221191,
    "train_time": 16.54389476776123,
    "final_loss": 3.0392258167266846
  },
  "rank4_wave010": {
    "rank": 4,
    "steps": 100,
    "wave_lambda": 0.1,
    "survival": 5,
    "ppl": 7.607806205749512,
    "ppl_delta": 1.892563819885254,
    "train_time": 23.42580509185791,
    "final_loss": 1.975834608078003
  }
}