{
  "baseline": {
    "survival": 0,
    "ppl": 5.715242385864258
  },
  "rank1_baseline": {
    "rank": 1,
    "steps": 100,
    "schedule": "constant",
    "max_lambda": 0.0,
    "survival": 0,
    "ppl": 5.6612868309021,
    "ppl_delta": -0.0539555549621582,
    "train_time": 20.79454278945923,
    "final_loss": 2.4402873516082764,
    "avg_lambda": 0.0,
    "avg_wave_metrics": {
      "spectral_norm": 5.754734357198079,
      "top1_energy": 6.057251198399172e-07,
      "top10_energy": 5.831026252659892e-06,
      "spectral_entropy": 16.35621706644694,
      "sv_top1": 0.9854480028152466,
      "wave_risk_score": -0.7248669294625949
    },
    "per_layer_metrics": {
      "layer_14": {
        "spectral_norm": 5.712738513946533,
        "top1_energy": 5.492542527463229e-07,
        "top10_energy": 5.3584249144478235e-06,
        "spectral_entropy": 16.357728958129883,
        "sv_top1": 0.9854412078857422,
        "wave_risk_score": -0.7293830675264195
      },
      "layer_15": {
        "spectral_norm": 5.720337867736816,
        "top1_energy": 6.769238893866714e-07,
        "top10_energy": 6.416815267584752e-06,
        "spectral_entropy": 16.360668182373047,
        "sv_top1": 0.9855082631111145,
        "wave_risk_score": -0.7290755528156527
      },
      "layer_16": {
        "spectral_norm": 5.831126689910889,
        "top1_energy": 5.909972173867573e-07,
        "top10_energy": 5.7178385759470984e-06,
        "spectral_entropy": 16.35025405883789,
        "sv_top1": 0.9853945374488831,
        "wave_risk_score": -0.7161421680457125
      }
    }
  },
  "rank1_const010": {
    "rank": 1,
    "steps": 100,
    "schedule": "constant",
    "max_lambda": 0.1,
    "survival": 1,
    "ppl": 5.6591105461120605,
    "ppl_delta": -0.056131839752197266,
    "train_time": 21.01638150215149,
    "final_loss": 3.401508331298828,
    "avg_lambda": 0.1,
    "avg_wave_metrics": {
      "spectral_norm": 4.878251075744629,
      "top1_energy": 6.412477659978322e-07,
      "top10_energy": 6.085556833568262e-06,
      "spectral_entropy": 16.359844207763672,
      "sv_top1": 0.9854282736778259,
      "wave_risk_score": -0.8132798185702543
    },
    "per_layer_metrics": {
      "layer_14": {
        "spectral_norm": 5.309162616729736,
        "top1_energy": 7.81824951445742e-07,
        "top10_energy": 7.3586052167229354e-06,
        "spectral_entropy": 16.352294921875,
        "sv_top1": 0.9854739904403687,
        "wave_risk_score": -0.7685858195661699
      },
      "layer_15": {
        "spectral_norm": 4.307478904724121,
        "top1_energy": 5.31402633896505e-07,
        "top10_energy": 5.1967381295980886e-06,
        "spectral_entropy": 16.359806060791016,
        "sv_top1": 0.985396683216095,
        "wave_risk_score": -0.8704136957102038
      },
      "layer_16": {
        "spectral_norm": 5.018111705780029,
        "top1_energy": 6.105157126512495e-07,
        "top10_energy": 5.701327154383762e-06,
        "spectral_entropy": 16.367431640625,
        "sv_top1": 0.9854141473770142,
        "wave_risk_score": -0.8008399404343893
      }
    }
  },
  "rank1_warmup": {
    "rank": 1,
    "steps": 100,
    "schedule": "warmup",
    "max_lambda": 0.1,
    "survival": 1,
    "ppl": 5.640305519104004,
    "ppl_delta": -0.0749368667602539,
    "train_time": 18.975621938705444,
    "final_loss": 3.4788808822631836,
    "avg_lambda": 0.0845,
    "avg_wave_metrics": {
      "spectral_norm": 4.628378868103027,
      "top1_energy": 6.229690067508878e-07,
      "top10_energy": 5.899503169833527e-06,
      "spectral_entropy": 16.355775197347004,
      "sv_top1": 0.985440731048584,
      "wave_risk_score": -0.8374285451207473
    },
    "per_layer_metrics": {
      "layer_14": {
        "spectral_norm": 5.032778739929199,
        "top1_energy": 6.451268745877314e-07,
        "top10_energy": 6.170643246150576e-06,
        "spectral_entropy": 16.35428810119629,
        "sv_top1": 0.9854332208633423,
        "wave_risk_score": -0.7967058436226582
      },
      "layer_15": {
        "spectral_norm": 4.008745193481445,
        "top1_energy": 5.607585080724675e-07,
        "top10_energy": 5.37164305569604e-06,
        "spectral_entropy": 16.3583984375,
        "sv_top1": 0.9854620099067688,
        "wave_risk_score": -0.8998746551782464
      },
      "layer_16": {
        "spectral_norm": 4.8436126708984375,
        "top1_energy": 6.630216375924647e-07,
        "top10_energy": 6.156223207653966e-06,
        "spectral_entropy": 16.354639053344727,
        "sv_top1": 0.9854269623756409,
        "wave_risk_score": -0.8157051365613373
      }
    }
  },
  "rank1_cosine": {
    "rank": 1,
    "steps": 100,
    "schedule": "cosine_decay",
    "max_lambda": 0.1,
    "survival": 0,
    "ppl": 5.621358871459961,
    "ppl_delta": -0.09388351440429688,
    "train_time": 17.927499771118164,
    "final_loss": 2.3447299003601074,
    "avg_lambda": 0.06040000016728985,
    "avg_wave_metrics": {
      "spectral_norm": 5.280084451039632,
      "top1_energy": 6.188016830795581e-07,
      "top10_energy": 5.9578352799386875e-06,
      "spectral_entropy": 16.355981190999348,
      "sv_top1": 0.9855140646298727,
      "wave_risk_score": -0.7721524683975153
    },
    "per_layer_metrics": {
      "layer_14": {
        "spectral_norm": 5.736894130706787,
        "top1_energy": 5.471806616696995e-07,
        "top10_energy": 5.320279342413414e-06,
        "spectral_entropy": 16.35504150390625,
        "sv_top1": 0.9855303168296814,
        "wave_risk_score": -0.7262518394105428
      },
      "layer_15": {
        "spectral_norm": 4.976224899291992,
        "top1_energy": 6.692343959002756e-07,
        "top10_energy": 6.498361017293064e-06,
        "spectral_entropy": 16.364097595214844,
        "sv_top1": 0.9855312705039978,
        "wave_risk_score": -0.8041266512759648
      },
      "layer_16": {
        "spectral_norm": 5.127134323120117,
        "top1_energy": 6.399899916686991e-07,
        "top10_energy": 6.054865480109584e-06,
        "spectral_entropy": 16.348804473876953,
        "sv_top1": 0.9854806065559387,
        "wave_risk_score": -0.7860789145060383
      }
    }
  },
  "rank1_warmup_cosine": {
    "rank": 1,
    "steps": 100,
    "schedule": "warmup_cosine",
    "max_lambda": 0.1,
    "survival": 1,
    "ppl": 5.607772350311279,
    "ppl_delta": -0.10747003555297852,
    "train_time": 20.59185266494751,
    "final_loss": 2.1502444744110107,
    "avg_lambda": 0.05790000009576428,
    "avg_wave_metrics": {
      "spectral_norm": 4.25838581720988,
      "top1_energy": 6.155944068571747e-07,
      "top10_energy": 6.006296644045506e-06,
      "spectral_entropy": 16.352745691935223,
      "sv_top1": 0.9854854146639506,
      "wave_risk_score": -0.8737324898526975
    },
    "per_layer_metrics": {
      "layer_14": {
        "spectral_norm": 4.982423305511475,
        "top1_energy": 6.143727091512119e-07,
        "top10_energy": 6.0310903791105375e-06,
        "spectral_entropy": 16.348251342773438,
        "sv_top1": 0.9854639768600464,
        "wave_risk_score": -0.8004727244476499
      },
      "layer_15": {
        "spectral_norm": 3.0626211166381836,
        "top1_energy": 5.320012519405282e-07,
        "top10_energy": 5.259081717667868e-06,
        "spectral_entropy": 16.35748863220215,
        "sv_top1": 0.9855753779411316,
        "wave_risk_score": -0.9940785358101265
      },
      "layer_16": {
        "spectral_norm": 4.7301130294799805,
        "top1_energy": 7.004092594797839e-07,
        "top10_energy": 6.728717835358111e-06,
        "spectral_entropy": 16.352497100830078,
        "sv_top1": 0.9854168891906738,
        "wave_risk_score": -0.826646209300316
      }
    }
  },
  "rank1_adaptive": {
    "rank": 1,
    "steps": 100,
    "schedule": "adaptive_specnorm",
    "max_lambda": 0.1,
    "survival": 1,
    "ppl": 5.598055839538574,
    "ppl_delta": -0.1171865463256836,
    "train_time": 714.5556130409241,
    "final_loss": 2.2681446075439453,