{
  "baseline": {
    "survival": 0,
    "ppl": 5.715242385864258
  },
  "rank1_baseline": {
    "rank": 1,
    "steps": 100,
    "wave_lambda": 0.0,
    "survival": 0,
    "ppl": 5.680050849914551,
    "ppl_delta": -0.03519153594970703,
    "train_time": 24.244362115859985,
    "final_loss": 3.3673903942108154,
    "avg_wave_penalty": 0.0,
    "avg_wave_metrics": {
      "spectral_norm": 6.318064212799072,
      "top1_energy": 6.356035366176608e-07,
      "top10_energy": 5.9939754161556875e-06,
      "spectral_entropy": 16.35738754272461,
      "sv_top1": 0.985719641049703,
      "wave_risk_score": -0.6682245399831196
    },
    "per_layer_metrics": {
      "layer_14": {
        "spectral_norm": 6.971602916717529,
        "top1_energy": 5.822487878504035e-07,
        "top10_energy": 5.629146471619606e-06,
        "spectral_entropy": 16.357128143310547,
        "sv_top1": 0.9860373735427856,
        "wave_risk_score": -0.6021837962607384
      },
      "layer_15": {
        "spectral_norm": 5.9681854248046875,
        "top1_energy": 6.722287366756063e-07,
        "top10_energy": 6.04068463871954e-06,
        "spectral_entropy": 16.35800552368164,
        "sv_top1": 0.9855507612228394,
        "wave_risk_score": -0.7036736546680689
      },
      "layer_16": {
        "spectral_norm": 6.014404296875,
        "top1_energy": 6.523330853269727e-07,
        "top10_energy": 6.3120951381279156e-06,
        "spectral_entropy": 16.35702896118164,
        "sv_top1": 0.9855707883834839,
        "wave_risk_score": -0.6988161690205517
      }
    }
  },
  "rank1_wave005": {
    "rank": 1,
    "steps": 100,
    "wave_lambda": 0.05,
    "survival": 0,
    "ppl": 5.662449359893799,
    "ppl_delta": -0.052793025970458984,
    "train_time": 18.733535766601562,
    "final_loss": 3.471190929412842,
    "avg_wave_penalty": 6.827687084296485e-06,
    "avg_wave_metrics": {
      "spectral_norm": 5.193055629730225,
      "top1_energy": 7.506549764002557e-07,
      "top10_energy": 7.049228770483751e-06,
      "spectral_entropy": 16.353325525919598,
      "sv_top1": 0.9854721228281657,
      "wave_risk_score": -0.7804067460158423
    },
    "per_layer_metrics": {
      "layer_14": {
        "spectral_norm": 5.076294898986816,
        "top1_energy": 6.188058705447474e-07,
        "top10_energy": 6.1088253460184205e-06,
        "spectral_entropy": 16.352319717407227,
        "sv_top1": 0.9854938387870789,
        "wave_risk_score": -0.7918394295715188
      },
      "layer_15": {
        "spectral_norm": 5.026220321655273,
        "top1_energy": 8.945726790443587e-07,
        "top10_energy": 8.224138582590967e-06,
        "spectral_entropy": 16.355045318603516,
        "sv_top1": 0.9854971170425415,
        "wave_risk_score": -0.7973827841861523
      },
      "layer_16": {
        "spectral_norm": 5.476651668548584,
        "top1_energy": 7.38586379611661e-07,
        "top10_energy": 6.814722382841865e-06,
        "spectral_entropy": 16.352611541748047,
        "sv_top1": 0.9854254126548767,
        "wave_risk_score": -0.7519980242898558
      }
    }
  },
  "rank1_wave010": {
    "rank": 1,
    "steps": 100,
    "wave_lambda": 0.1,
    "survival": 2,
    "ppl": 5.6567769050598145,
    "ppl_delta": -0.05846548080444336,
    "train_time": 18.361684560775757,
    "final_loss": 2.2484092712402344,
    "avg_wave_penalty": 5.841569804942992e-06,
    "avg_wave_metrics": {
      "spectral_norm": 4.835843086242676,
      "top1_energy": 6.304931616796239e-07,
      "top10_energy": 6.082850025753335e-06,
      "spectral_entropy": 16.35141436258952,
      "sv_top1": 0.9854299227396647,
      "wave_risk_score": -0.8158313745779577
    },
    "per_layer_metrics": {
      "layer_14": {
        "spectral_norm": 5.378985404968262,
        "top1_energy": 7.280320346580993e-07,
        "top10_energy": 6.972762548684841e-06,
        "spectral_entropy": 16.342361450195312,
        "sv_top1": 0.9854132533073425,
        "wave_risk_score": -0.7597388141009334
      },
      "layer_15": {
        "spectral_norm": 5.316873073577881,
        "top1_energy": 5.431944032352476e-07,
        "top10_energy": 5.292256446409738e-06,
        "spectral_entropy": 16.35066032409668,
        "sv_top1": 0.9854295253753662,
        "wave_risk_score": -0.7675793280655627
      },
      "layer_16": {
        "spectral_norm": 3.8116707801818848,
        "top1_energy": 6.202530471455248e-07,
        "top10_energy": 5.9835310821654275e-06,
        "spectral_entropy": 16.361221313476562,
        "sv_top1": 0.9854469895362854,
        "wave_risk_score": -0.9201759815673771
      }
    }
  },
  "rank1_wave020": {
    "rank": 1,
    "steps": 100,
    "wave_lambda": 0.2,
    "survival": 1,
    "ppl": 5.679205894470215,
    "ppl_delta": -0.03603649139404297,
    "train_time": 18.492754697799683,
    "final_loss": 3.8818533420562744,
    "avg_wave_penalty": 5.901980130147422e-06,
    "avg_wave_metrics": {
      "spectral_norm": 4.058769067128499,
      "top1_energy": 6.400369822282906e-07,
      "top10_energy": 5.999788603124519e-06,
      "spectral_entropy": 16.35939598083496,
      "sv_top1": 0.9854511817296346,
      "wave_risk_score": -0.8950926461323055
    },
    "per_layer_metrics": {
      "layer_14": {
        "spectral_norm": 4.14956521987915,
        "top1_energy": 6.247364581213333e-07,
        "top10_energy": 6.010156994307181e-06,
        "spectral_entropy": 16.35635757446289,
        "sv_top1": 0.9854112267494202,
        "wave_risk_score": -0.8854852797759123
      },
      "layer_15": {
        "spectral_norm": 4.314115524291992,
        "top1_energy": 5.977871637696808e-07,
        "top10_energy": 5.594799404207151e-06,
        "spectral_entropy": 16.361093521118164,
        "sv_top1": 0.9854613542556763,
        "wave_risk_score": -0.8698776529093495
      },
      "layer_16": {
        "spectral_norm": 3.7126264572143555,
        "top1_energy": 6.97587324793858e-07,
        "top10_energy": 6.394409410859225e-06,
        "spectral_entropy": 16.360736846923828,
        "sv_top1": 0.9854809641838074,
        "wave_risk_score": -0.929915005711655
      }
    }
  },
  "rank2_baseline": {
    "rank": 2,
    "steps": 100,
    "wave_lambda": 0.0,
    "survival": 0,
    "ppl": 5.721047401428223,
    "ppl_delta": 0.005805015563964844,
    "train_time": 20.867290019989014,
    "final_loss": 2.3390121459960938,
    "avg_wave_penalty": 0.0,
    "avg_wave_metrics": {
      "spectral_norm": 2.7344027360280356,
      "top1_energy": 5.132748602439582e-07,
      "top10_energy": 4.969215448606216e-06,
      "spectral_entropy": 16.41741371154785,
      "sv_top1": 0.5763583978017172,
      "wave_risk_score": -1.8573196773381635
    },
    "per_layer_metrics": {
      "layer_14": {
        "spectral_norm": 2.9434971809387207,
        "top1_energy": 5.268537961455877e-07,
        "top10_energy": 5.059045633970527e-06,
        "spectral_entropy": 16.41437530517578,
        "sv_top1": 0.5868975520133972,
        "wave_risk_score": -1.8147241261612634
      },
      "layer_15": {
        "spectral_norm": 2.5523931980133057,
        "top1_energy": 5.377406182560662e-07,
        "top10_energy": 5.294594757287996e-06,
        "spectral_entropy": 16.428571701049805,
        "sv_top1": 0.5272315740585327,
        "wave_risk_score": -1.9760055022155714
      },
      "layer_16": {
        "spectral_norm": 2.70731782913208,
        "top1_energy": 4.7523016633022053e-07,
        "top10_energy": 4.554005954560125e-06,
        "spectral_entropy": 16.40929412841797,
        "sv_top1": 0.6149460673332214,
        "wave_risk_score": -1.781229403637656
      }
    }
  },
  "rank2_wave010": {
    "rank": 2,
    "steps": 100,
    "wave_lambda": 0.1,
    "survival": 2,
    "ppl": 5.683114051818848,
    "ppl_delta": -0.032128334045410156,
    "train_time": 23.914905071258545,
    "final_loss": 3.7408013343811035,
    "avg_wave_penalty": 5.800558278679091e-06,
    "avg_wave_metrics": {
      "spectral_norm": 3.3007930914560952,