{
  "baseline_ppl": 10.378638335506821,
  "baseline_surv": 3,
  "results": [
    {
      "config": "rank4_baseline",
      "rank": 4,
      "lambda": 0.0,
      "survival": 4,
      "ppl": 10.355274255007924,
      "train_time": 13.339020729064941
    },
    {
      "config": "rank4_wave0025",
      "rank": 4,
      "lambda": 0.025,
      "survival": 6,
      "ppl": 10.513254901152845,
      "train_time": 13.783471822738647
    },
    {
      "config": "rank4_wave0050",
      "rank": 4,
      "lambda": 0.05,
      "survival": 4,
      "ppl": 10.346424329973802,
      "train_time": 13.70627498626709
    },
    {
      "config": "rank4_wave0100",
      "rank": 4,
      "lambda": 0.1,
      "survival": 6,
      "ppl": 10.466349282829668,
      "train_time": 13.715426921844482
    }
  ]
}