{
  "experiment": "M198",
  "baseline_ppl": 12.48829601624015,
  "uniform_ppl": 12.406871687048627,
  "risk_ppl": 12.492690409442972,
  "depth_ppl": 12.429608309797286,
  "uniform_time": 1190.9079337120056,
  "risk_time": 1320.8436484336853,
  "depth_time": 1235.5074150562286
}