{
  "experiment": "M200",
  "baseline_ppl": 10.3786386548816,
  "baseline_surv": 1,
  "encoded_ppl": 10.371079591646515,
  "lora_ppl": 10.281313850336534,
  "lora_surv": 1,
  "merged_ppl": 16.543328994377944,
  "merged_surv": 0,
  "final_ppl": 16.573938846429645,
  "final_surv": 0,
  "encode_time": 1215.2642679214478,
  "train_time": 12.59898567199707,
  "reencode_time": 1214.1978549957275
}