{
  "K": 256,
  "baseline_ppl": 4.27439022064209,
  "baseline_survival": 3,
  "encoded_ppl": 4.283298492431641,
  "lora_ppl": 4.354903221130371,
  "lora_survival": 5,
  "merge_ppl": 4.352057933807373,
  "merge_survival": 5,
  "reencode_ppl": 4.3536200523376465,
  "reencode_survival": 5,
  "encode_time": 164.019788980484,
  "reencode_time": 139.56684947013855
}