{
  "experiment": "M201",
  "baseline_ppl": 12.48829601624015,
  "baseline_surv": 3,
  "encoded_ppl": 12.41485601925704,
  "overlay_ppl": 12.40184471216136,
  "overlay_surv": 4,
  "encode_time": 1098.3312559127808,
  "train_time": 14.830749988555908
}