{
  "baseline_ppl": 4.27439022064209,
  "baseline_survival": 3,
  "encoded_ppl": 4.265171527862549,
  "final_ppl": 4.386506080627441,
  "final_survival": 6,
  "features": {
    "final_loss": 1.2620769739151,
    "max_spectral_norm": 0.18382848799228668,
    "mean_spectral_norm": 0.10188825180133183,
    "std_spectral_norm": 0.0395079149781512,
    "max_top10_energy": 9.66832012636587e-05,
    "mean_top10_energy": 4.0328040616562553e-05,
    "rank": 4,
    "steps": 100,
    "n_layers": 3,
    "n_modules": 4,
    "wave_lambda": 0.0
  },
  "rf_prediction": null,
  "heuristic_score": 5
}