{
  "schema_version": "wal.results.v1",
  "status": "PASS",
  "pass": true,
  "record_count": 1,
  "records": [
    {
      "model": "qwen2.5-7b",
      "baseline_ppl": 4.612594127655029,
      "baseline_survival": 0,
      "encoded_ppl": 4.692574977874756,
      "lora_ppl": 4.68201208114624,
      "lora_survival": 0,
      "merge_ppl": 4.683592796325684,
      "merge_survival": 0,
      "reencode_ppl": 4.805811405181885,
      "reencode_survival": 0,
      "encode_time": 178.60751581192017,
      "train_time": 11.74626088142395,
      "reencode_time": 186.74002885818481
    }
  ],
  "source": "m212_results.json",
  "normalization_warnings": [
    "legacy_list_wrapped"
  ]
}
