{
  "schema_version": "wal.results.v1",
  "status": "PASS",
  "pass": true,
  "record_count": 4,
  "records": [
    {
      "strategy": "standard_ce",
      "lora_ppl": 5.309225559234619,
      "lora_survival": 0,
      "lora_retained": 0,
      "merge_ppl": 5.3113861083984375,
      "merge_survival": 0,
      "merge_retained": 0,
      "reencode_ppl": 5.3294548988342285,
      "reencode_survival": 0,
      "reencode_retained": 0,
      "train_time": 35.06831979751587,
      "baseline_ppl": 4.27439022064209
    },
    {
      "strategy": "contrastive",
      "lora_ppl": 5.4838151931762695,
      "lora_survival": 0,
      "lora_retained": 0,
      "merge_ppl": 5.495039463043213,
      "merge_survival": 0,
      "merge_retained": 0,
      "reencode_ppl": 5.54146671295166,
      "reencode_survival": 0,
      "reencode_retained": 0,
      "train_time": 59.26889419555664,
      "baseline_ppl": 4.27439022064209
    },
    {
      "strategy": "negative_examples",
      "lora_ppl": 5.383869647979736,
      "lora_survival": 0,
      "lora_retained": 0,
      "merge_ppl": 5.381461143493652,
      "merge_survival": 0,
      "merge_retained": 0,
      "reencode_ppl": 5.417791843414307,
      "reencode_survival": 0,
      "reencode_retained": 0,
      "train_time": 34.10849642753601,
      "baseline_ppl": 4.27439022064209
    },
    {
      "strategy": "suppression",
      "lora_ppl": 5.45025634765625,
      "lora_survival": 0,
      "lora_retained": 0,
      "merge_ppl": 5.450007915496826,
      "merge_survival": 0,
      "merge_retained": 0,
      "reencode_ppl": 5.477034091949463,
      "reencode_survival": 0,
      "reencode_retained": 0,
      "train_time": 60.4333381652832,
      "baseline_ppl": 4.27439022064209
    }
  ],
  "source": "m221_results.json",
  "normalization_warnings": [
    "legacy_list_wrapped"
  ]
}
