{
  "legal": {
    "name": "legal",
    "base_ppl": 4.277784824371338,
    "lora_ppl": 4.53070592880249,
    "lora_survival": 0,
    "merge_ppl": 4.5295305252075195,
    "merge_survival": 0,
    "reencode_ppl": 4.526157379150391,
    "reencode_survival": 0,
    "train_time": 15.737768411636353
  },
  "medical": {
    "name": "medical",
    "base_ppl": 4.273055076599121,
    "lora_ppl": 4.360405921936035,
    "lora_survival": 0,
    "merge_ppl": 4.358491897583008,
    "merge_survival": 0,
    "reencode_ppl": 4.3691020011901855,
    "reencode_survival": 0,
    "train_time": 10.871140718460083
  },
  "product": {
    "name": "product",
    "base_ppl": 4.283785820007324,
    "lora_ppl": 4.681737899780273,
    "lora_survival": 1,
    "merge_ppl": 4.684659957885742,
    "merge_survival": 1,
    "reencode_ppl": 4.6764044761657715,
    "reencode_survival": 1,
    "train_time": 11.786954164505005
  }
}