{
  "baseline_ppl": 4.273921966552734,
  "weights_only": {
    "easy": 3,
    "hard": 0,
    "ppl": 4.716553688049316
  },
  "hybrid": {
    "easy": 3,
    "hard": 0,
    "ppl": 4.763819217681885
  },
  "retrieval_only": {
    "easy": 0,
    "hard": 0,
    "ppl": 4.273921966552734
  },
  "contamination": 0
}