{
  "baseline_ppl": 1.341555829604081,
  "encoded_ppl": 1.3411990023824325,
  "edit_ppl": 2.0724863811532193,
  "survival": 3,
  "total_facts": 3,
  "has_nan": false
}