{
  "baseline_ppl": 4.27439022064209,
  "sequential": {
    "ppl": 4.5341877937316895,
    "survival": 5,
    "time": 548.6727175712585
  },
  "batch_rebuild": {
    "ppl": 5.104615211486816,
    "survival": 6,
    "time": 153.78408932685852
  }
}