{
  "total_tensors": 7,
  "changed_tensors": 4,
  "diffs": {
    "down_proj.weight": {
      "max": 0.0,
      "mean": 0.0,
      "nonzero": 0,
      "total": 58720256
    },
    "gate_proj.weight": {
      "max": 0.004241943359375,
      "mean": 0.0003776629164349288,
      "nonzero": 55211548,
      "total": 58720256
    },
    "up_proj.weight": {
      "max": 0.0,
      "mean": 0.0,
      "nonzero": 0,
      "total": 58720256
    },
    "k_proj.weight": {
      "max": 0.0,
      "mean": 0.0,
      "nonzero": 0,
      "total": 4194304
    },
    "o_proj.weight": {
      "max": 0.0072021484375,
      "mean": 0.0005734226433560252,
      "nonzero": 16285545,
      "total": 16777216
    },
    "q_proj.weight": {
      "max": 0.0040283203125,
      "mean": 0.00044479663483798504,
      "nonzero": 15675308,
      "total": 16777216
    },
    "v_proj.weight": {
      "max": 0.0054168701171875,
      "mean": 0.000470096681965515,
      "nonzero": 4059867,
      "total": 4194304
    }
  }
}