{
  "build_v1_time": 11.48136854171753,
  "build_v2_time": 9.6341233253479,
  "rollback_time": 4.288851261138916,
  "speedup": 2.6770265142439613,
  "rollback_accurate": false,
  "max_diff": 7.62939453125e-06
}