{
  "total_changed": 4,
  "total_tensors": 226,
  "changed_layers": {
    "layer_16": [
      {
        "param": "gate_proj.weight",
        "max_diff": 0.002685546875,
        "mean_diff": 0.00036890950286760926,
        "nonzero": 56132395,
        "total": 58720256
      },
      {
        "param": "o_proj.weight",
        "max_diff": 0.00305938720703125,
        "mean_diff": 0.0009166174568235874,
        "nonzero": 16514676,
        "total": 16777216
      },
      {
        "param": "q_proj.weight",
        "max_diff": 0.001617431640625,
        "mean_diff": 0.0003907622303813696,
        "nonzero": 16056035,
        "total": 16777216
      },
      {
        "param": "v_proj.weight",
        "max_diff": 0.00244140625,
        "mean_diff": 0.0008229470113292336,
        "nonzero": 4128774,
        "total": 4194304
      }
    ]
  }
}