{
  "baseline": {
    "exact": 3,
    "negative": 1,
    "ppl": 82.8028055755686
  },
  "negative_aware": {
    "exact": 3,
    "negative": 2,
    "ppl": 42.6921459992201
  }
}