{
  "total_facts": 100,
  "batches": 10,
  "batch_size": 10,
  "avg_survival": 0.9729690358111405,
  "min_survival": 0.9361918887775228,
  "final_survival": 0.9361918887775228,
  "post_test_pass": 29,
  "post_test_total": 30
}