{
  "fixed_survival": 0.88267,
  "adaptive_survival": 0.8968599999999999,
  "fixed_rehearsals": 50,
  "adaptive_rehearsals": 38,
  "improvement": 0.014189999999999925
}