{
  "total_facts": 500,
  "batches": 25,
  "batch_size": 20,
  "avg_survival": 0.9517601979452799,
  "min_survival": 0.9123899255806837,
  "final_survival": 0.9594327843324069,
  "post_test_pass": 49,
  "post_test_total": 50
}