{
  "model_a": {
    "name": "v1.0_base",
    "accuracy": 0.8490566037735849,
    "latency_ms": 45.0,
    "samples": 53
  },
  "model_b": {
    "name": "v1.1_edited",
    "accuracy": 0.9574468085106383,
    "latency_ms": 48.0,
    "samples": 47
  },
  "winner": "B",
  "accuracy_delta": 0.10839020473705341
}