{
  "facts": 6,
  "max_similarity": 0.7142857142857143,
  "avg_similarity": 0.5195767195767196
}