{
  "warmup_time_ms": 5.43665885925293,
  "first_inference_ms": 45.148611068725586
}