{
  "warmup_time_ms": 5.3157806396484375,
  "first_inference_ms": 45.18246650695801
}