{
  "warmup_time_ms": 5.303859710693359,
  "first_inference_ms": 45.17984390258789
}