{
  "warmup_time_ms": 5.299806594848633,
  "first_inference_ms": 45.137643814086914
}