{
  "warmup_time_ms": 5.356788635253906,
  "first_inference_ms": 45.16148567199707
}