{
  "warmup_time_ms": 5.302667617797852,
  "first_inference_ms": 45.17388343811035
}