{
  "warmup_time_ms": 5.305767059326172,
  "first_inference_ms": 45.16744613647461
}