{
  "warmup_time_ms": 5.269050598144531,
  "first_inference_ms": 45.180320739746094
}