{
  "warmup_time_ms": 5.331993103027344,
  "first_inference_ms": 45.12429237365723
}