{
  "warmup_time_ms": 5.460262298583984,
  "first_inference_ms": 45.074462890625
}