{
  "warmup_time_ms": 5.422353744506836,
  "first_inference_ms": 45.13835906982422
}