{
  "warmup_time_ms": 5.495309829711914,
  "first_inference_ms": 45.08376121520996
}