{
  "warmup_time_ms": 5.453824996948242,
  "first_inference_ms": 45.07851600646973
}