{
  "warmup_time_ms": 5.273103713989258,
  "first_inference_ms": 45.12596130371094
}