{
  "warmup_time_ms": 5.42140007019043,
  "first_inference_ms": 45.27425765991211
}