{
  "warmup_time_ms": 5.312681198120117,
  "first_inference_ms": 45.105934143066406
}