{
  "warmup_time_ms": 5.3844451904296875,
  "first_inference_ms": 45.121192932128906
}