{
  "warmup_time_ms": 5.30695915222168,
  "first_inference_ms": 45.206308364868164
}