{
  "warmup_time_ms": 5.304813385009766,
  "first_inference_ms": 45.24040222167969
}