{
  "warmup_time_ms": 5.522489547729492,
  "first_inference_ms": 45.09925842285156
}