{
  "warmup_time_ms": 5.387544631958008,
  "first_inference_ms": 45.09758949279785
}