{
  "warmup_time_ms": 5.318880081176758,
  "first_inference_ms": 45.104265213012695
}