{
  "single_ms": 451.37643814086914,
  "batch_ms": 180.16910552978516,
  "speedup": 2.5052932178000327
}