{
  "single_ms": 451.52997970581055,
  "batch_ms": 180.27973175048828,
  "speedup": 2.5046075635986607
}