{
  "single_ms": 452.12244987487793,
  "batch_ms": 180.2518367767334,
  "speedup": 2.5082820677988074
}