{
  "single_ms": 451.42197608947754,
  "batch_ms": 180.09090423583984,
  "speedup": 2.506633958027738
}