{
  "single_ms": 451.49803161621094,
  "batch_ms": 180.131196975708,
  "speedup": 2.5064954832732207
}