{
  "single_ms": 451.4777660369873,
  "batch_ms": 180.19890785217285,
  "speedup": 2.5054411895068727
}