{
  "single_ms": 451.2004852294922,
  "batch_ms": 180.0999641418457,
  "speedup": 2.5052780403339185
}