{
  "single_ms": 451.31468772888184,
  "batch_ms": 180.2072525024414,
  "speedup": 2.504420224279084
}