{
  "single_ms": 451.43914222717285,
  "batch_ms": 180.22632598876953,
  "speedup": 2.504845725231637
}