{
  "single_ms": 451.72905921936035,
  "batch_ms": 180.24158477783203,
  "speedup": 2.5062421625740092
}