{
  "single_ms": 451.5035152435303,
  "batch_ms": 180.1910400390625,
  "speedup": 2.505693485900584
}