{
  "single_ms": 451.69520378112793,
  "batch_ms": 180.21607398986816,
  "speedup": 2.506409077619361
}