{
  "single_ms": 451.34615898132324,
  "batch_ms": 180.19962310791016,
  "speedup": 2.504700904457722
}