{
  "single_ms": 451.6940116882324,
  "batch_ms": 180.1004409790039,
  "speedup": 2.5080116918808146
}