{
  "single_ms": 451.9188404083252,
  "batch_ms": 180.19628524780273,
  "speedup": 2.5079253980560945
}