{
  "single_ms": 450.99401473999023,
  "batch_ms": 180.07993698120117,
  "speedup": 2.504410109756259
}