{
  "single_ms": 451.69925689697266,
  "batch_ms": 180.13405799865723,
  "speedup": 2.507572759507476
}