{
  "single_ms": 451.8313407897949,
  "batch_ms": 180.0830364227295,
  "speedup": 2.5090166723375296
}