{
  "single_ms": 451.5836238861084,
  "batch_ms": 180.25779724121094,
  "speedup": 2.5052099315394627
}