{
  "single_ms": 451.1232376098633,
  "batch_ms": 180.0837516784668,
  "speedup": 2.5050746300272997
}