{
  "single_ms": 451.4124393463135,
  "batch_ms": 180.2387237548828,
  "speedup": 2.504525275934686
}