{
  "single_ms": 451.9622325897217,
  "batch_ms": 180.12762069702148,
  "speedup": 2.5091223147278
}