{
  "single_ms": 451.66659355163574,
  "batch_ms": 180.0835132598877,
  "speedup": 2.5080951908119022
}