{
  "naive": 0.532,
  "v2": 0.13649999999999998,
  "speedup": 3.8974358974358982,
  "pass": true
}