{
  "single_gpu_min": 60.0,
  "strategies": {
    "2_gpu_data_parallel": 33.333333333333336,
    "4_gpu_data_parallel": 18.75,
    "8_gpu_data_parallel": 10.909090909090908,
    "2_gpu_model_parallel": 54.54545454545454
  },
  "best": "8_gpu_data_parallel",
  "pass": true
}