{
  "training_kg": 2.2399999999999998,
  "inference_kg": 0.0017777777777777779,
  "pass": true
}