{
  "core": {
    "total": 240,
    "results": 0,
    "coverage": 0.0
  },
  "infra": {
    "total": 236,
    "results": 4,
    "coverage": 0.01694915254237288
  },
  "advanced": {
    "total": 286,
    "results": 32,
    "coverage": 0.11188811188811189
  }
}