{
  "core": {
    "total": 240,
    "results": 0,
    "coverage": 0.0
  },
  "infra": {
    "total": 236,
    "results": 4,
    "coverage": 0.01694915254237288
  },
  "advanced": {
    "total": 207,
    "results": 9,
    "coverage": 0.043478260869565216
  },
  "pass": true
}