{
  "first2_qk_gu": {
    "metrics": {
      "perplexity": 2.752339676121688,
      "total_tokens": 9728,
      "num_windows": 16,
      "elapsed_s": 8.662837505340576,
      "tok_s": 1122.9576907107814
    },
    "eval_peak_mb": 47214.8,
    "replace_peak_mb": 48614.6,
    "avg_layer_rel_mse": 0.058935708220815286,
    "num_layers_touched": 2
  },
  "first4_qk_gu": {
    "metrics": {
      "perplexity": 2.7704516448707293,
      "total_tokens": 9728,
      "num_windows": 16,
      "elapsed_s": 8.296045780181885,
      "tok_s": 1172.6068367702185
    },
    "eval_peak_mb": 47214.8,
    "replace_peak_mb": 48614.6,
    "avg_layer_rel_mse": 0.09987572755198926,
    "num_layers_touched": 4
  },
  "first8_qk_gu": {
    "metrics": {
      "perplexity": 3.104516668921375,
      "total_tokens": 9728,
      "num_windows": 16,
      "elapsed_s": 8.303956985473633,
      "tok_s": 1171.4896906399551
    },
    "eval_peak_mb": 47214.8,
    "replace_peak_mb": 48614.6,
    "avg_layer_rel_mse": 0.11800634225073736,
    "num_layers_touched": 8
  }
}