{
  "first4_qk": {
    "metrics": {
      "perplexity": 2.758200326558621,
      "total_tokens": 9728,
      "num_windows": 16,
      "elapsed_s": 8.737752199172974,
      "tok_s": 1113.3298104884175
    },
    "eval_peak_mb": 47214.8,
    "replace_peak_mb": 45696.9,
    "avg_layer_rel_mse": 0.08058736959355883,
    "num_layers_touched": 4
  },
  "first8_qk": {
    "metrics": {
      "perplexity": 2.9291775150439543,
      "total_tokens": 9728,
      "num_windows": 16,
      "elapsed_s": 8.322705507278442,
      "tok_s": 1168.8506810066256
    },
    "eval_peak_mb": 47214.8,
    "replace_peak_mb": 45728.9,
    "avg_layer_rel_mse": 0.11075704166432843,
    "num_layers_touched": 8
  },
  "first16_qk": {
    "metrics": {
      "perplexity": 3.106018797478073,
      "total_tokens": 9728,
      "num_windows": 16,
      "elapsed_s": 8.279794454574585,
      "tok_s": 1174.9083933629877
    },
    "eval_peak_mb": 47214.8,
    "replace_peak_mb": 45728.9,
    "avg_layer_rel_mse": 0.11897526434040628,
    "num_layers_touched": 16
  }
}