{
  "l54_qk": {
    "metrics": {
      "perplexity": 2.7971906436698624,
      "total_tokens": 9728,
      "num_windows": 16,
      "elapsed_s": 8.739349126815796,
      "tok_s": 1113.1263734676338
    },
    "eval_peak_mb": 47089.5,
    "replace_peak_mb": 45696.9,
    "avg_layer_rel_mse": 0.13857826590538025
  },
  "l54_gu": {
    "metrics": {
      "perplexity": 2.854906019403485,
      "total_tokens": 9728,
      "num_windows": 16,
      "elapsed_s": 8.926012992858887,
      "tok_s": 1089.8482903601787
    },
    "eval_peak_mb": 46433.5,
    "replace_peak_mb": 48558.6,
    "avg_layer_rel_mse": 0.11191276460886002
  },
  "l54_qk_gu": {
    "metrics": {
      "perplexity": 2.876649054581469,
      "total_tokens": 9728,
      "num_windows": 16,
      "elapsed_s": 9.029349327087402,
      "tok_s": 1077.3755281365286
    },
    "eval_peak_mb": 46385.9,
    "replace_peak_mb": 48433.3,
    "avg_layer_rel_mse": 0.12524694576859474
  },
  "l54_55_gu": {
    "metrics": {
      "perplexity": 2.9125054213050894,
      "total_tokens": 9728,
      "num_windows": 16,
      "elapsed_s": 9.566091775894165,
      "tok_s": 1016.925221699611
    },
    "eval_peak_mb": 46385.9,
    "replace_peak_mb": 48558.6,
    "avg_layer_rel_mse": 0.1121730338782072
  }
}