{
  "l54_qk": {
    "metrics": {
      "perplexity": 2.795511124874678,
      "total_tokens": 9728,
      "num_windows": 16,
      "elapsed_s": 8.733341693878174,
      "tok_s": 1113.8920634261972
    },
    "eval_peak_mb": 47214.8,
    "replace_peak_mb": 45696.9,
    "avg_layer_rel_mse": 0.13857827335596085
  },
  "l54_qk_gu": {
    "metrics": {
      "perplexity": 2.8760334287708282,
      "total_tokens": 9728,
      "num_windows": 16,
      "elapsed_s": 8.297009468078613,
      "tok_s": 1172.4706398645064
    },
    "eval_peak_mb": 47214.8,
    "replace_peak_mb": 48558.6,
    "avg_layer_rel_mse": 0.1252464558929205
  }
}