{
  "metrics": {
    "perplexity": 2.856581308035351,
    "total_tokens": 9728,
    "num_windows": 16,
    "elapsed_s": 8.604471445083618,
    "tok_s": 1130.574964666579
  },
  "eval_peak_mb": 47214.8,
  "replace_peak_mb": 48558.6,
  "avg_layer_rel_mse": 0.11191396415233612
}