{
  "best4_gu": {
    "metrics": {
      "perplexity": 3.062932541424685,
      "total_tokens": 9728,
      "num_windows": 16,
      "elapsed_s": 11.107822179794312,
      "tok_s": 875.7792339974367
    },
    "eval_peak_mb": 46385.9,
    "replace_peak_mb": 48558.6,
    "avg_layer_rel_mse": 0.111908002756536
  },
  "best4_qk_gu": {
    "metrics": {
      "perplexity": 3.132898044028589,
      "total_tokens": 9728,
      "num_windows": 16,
      "elapsed_s": 11.206762552261353,
      "tok_s": 868.047302210132
    },
    "eval_peak_mb": 46385.9,
    "replace_peak_mb": 48558.6,
    "avg_layer_rel_mse": 0.11743338033556938
  }
}