{
  "l54_gu_s2_c256": {
    "metrics": {
      "perplexity": 2.8581276745742503,
      "total_tokens": 9728,
      "num_windows": 16,
      "elapsed_s": 9.30568552017212,
      "tok_s": 1045.382414751973
    },
    "eval_peak_mb": 46433.5,
    "replace_peak_mb": 48558.6,
    "avg_layer_rel_mse": 0.11191415041685104
  },
  "l54_gu_s3_c256": {
    "metrics": {
      "perplexity": 2.806884707060563,
      "total_tokens": 9728,
      "num_windows": 16,
      "elapsed_s": 9.24224853515625,
      "tok_s": 1052.557715040449
    },
    "eval_peak_mb": 46491.2,
    "replace_peak_mb": 48587.5,
    "avg_layer_rel_mse": 0.038796378299593925
  },
  "l54_gu_s2_c512": {
    "metrics": {
      "perplexity": 2.8213205695560757,
      "total_tokens": 9728,
      "num_windows": 16,
      "elapsed_s": 8.93499231338501,
      "tok_s": 1088.7530351231562
    },
    "eval_peak_mb": 46549.0,
    "replace_peak_mb": 48616.4,
    "avg_layer_rel_mse": 0.08202681317925453
  },
  "l54_qk_gu_s2_c256": {
    "metrics": {
      "perplexity": 2.8741515100753805,
      "total_tokens": 9728,
      "num_windows": 16,
      "elapsed_s": 9.047956943511963,
      "tok_s": 1075.1598466630278
    },
    "eval_peak_mb": 46385.9,
    "replace_peak_mb": 48433.3,
    "avg_layer_rel_mse": 0.12524287588894367
  },
  "l54_qk_gu_s3_c256": {
    "metrics": {
      "perplexity": 2.806273931322602,
      "total_tokens": 9728,
      "num_windows": 16,
      "elapsed_s": 9.403301000595093,
      "tok_s": 1034.5303207229417
    },
    "eval_peak_mb": 46385.9,
    "replace_peak_mb": 48471.5,
    "avg_layer_rel_mse": 0.045502858236432076
  }
}