{
  "metrics": {
    "perplexity": 2.809191376496469,
    "total_tokens": 9728,
    "num_windows": 16,
    "elapsed_s": 8.690304517745972,
    "tok_s": 1119.4084143006737
  },
  "eval_peak_mb": 47214.8,
  "replace_peak_mb": 48587.5,
  "avg_layer_rel_mse": 0.04551213979721069
}