{
  "l54_qk_gu_s3_gr2048": {
    "metrics": {
      "perplexity": 2.808635122557511,
      "total_tokens": 9728,
      "num_windows": 16,
      "elapsed_s": 9.743305206298828,
      "tok_s": 998.4291566388648
    },
    "eval_peak_mb": 46385.9,
    "replace_peak_mb": 48471.5,
    "avg_layer_rel_mse": 0.045509666204452515
  },
  "l54_qk_gu_s3_gr4096": {
    "metrics": {
      "perplexity": 2.799790865955036,
      "total_tokens": 9728,
      "num_windows": 16,
      "elapsed_s": 9.352172136306763,
      "tok_s": 1040.186157634354
    },
    "eval_peak_mb": 46385.9,
    "replace_peak_mb": 48469.8,
    "avg_layer_rel_mse": 0.04570677876472473
  },
  "l54_qk_gu_s3_gr8192": {
    "metrics": {
      "perplexity": 2.8031143217984,
      "total_tokens": 9728,
      "num_windows": 16,
      "elapsed_s": 9.342592239379883,
      "tok_s": 1041.2527648371067
    },
    "eval_peak_mb": 46385.9,
    "replace_peak_mb": 48469.0,
    "avg_layer_rel_mse": 0.045781039632856846
  }
}