{
  "l54_qk_gu_s3_gr16384": {
    "metrics": {
      "perplexity": 2.795284444529089,
      "total_tokens": 9728,
      "num_windows": 16,
      "elapsed_s": 9.742660284042358,
      "tok_s": 998.4952483597965
    },
    "eval_peak_mb": 46385.9,
    "replace_peak_mb": 48469.7,
    "avg_layer_rel_mse": 0.04581717774271965
  },
  "l54_qk_gu_s3_gr28672": {
    "metrics": {
      "perplexity": 2.804345759486179,
      "total_tokens": 9728,
      "num_windows": 16,
      "elapsed_s": 9.333698511123657,
      "tok_s": 1042.2449352104554
    },
    "eval_peak_mb": 46385.9,
    "replace_peak_mb": 48469.5,
    "avg_layer_rel_mse": 0.04582134075462818
  }
}