{
  "tensor_names": [
    "model.layers.54.self_attn.q_proj.weight",
    "model.layers.54.self_attn.k_proj.weight"
  ],
  "cfg": {
    "block_size": 32,
    "codebook_size": 256,
    "num_stages": 3,
    "product_splits": 4,
    "sample_per_tensor": 32768,
    "kmeans_iters": 8
  },
  "per_tensor": [
    {
      "name": "model.layers.54.self_attn.q_proj.weight",
      "indep_rel_mse": 0.048192694783210754,
      "indep_storage_mb": 24.0625,
      "indep_storage_bytes": 25231360,
      "indep_codebook_bytes": 49152,
      "indep_ids_bytes": 25165824,
      "indep_bits_per_weight": 3.0078125,
      "shared_rel_mse": 0.04943591728806496
    },
    {
      "name": "model.layers.54.self_attn.k_proj.weight",
      "indep_rel_mse": 0.05797610431909561,
      "indep_storage_mb": 3.048828125,
      "indep_storage_bytes": 3196928,
      "indep_codebook_bytes": 49152,
      "indep_ids_bytes": 3145728,
      "indep_bits_per_weight": 3.048828125,
      "shared_rel_mse": 0.07062789797782898
    }
  ],
  "indep_total_storage_mb": 27.111328125,
  "indep_pooled_rel_mse": 0.05140605753698818,
  "shared_total_storage_mb": 27.064453125,
  "shared_pooled_rel_mse": 0.05639642755441441,
  "shared_bits_per_weight": 3.0071614583333335,
  "storage_savings_fraction": 0.0017289820618111573,
  "rel_mse_delta": 0.004990370017426228
}