{
  "tensor_names": [
    "model.layers.54.self_attn.q_proj.weight",
    "model.layers.54.self_attn.k_proj.weight",
    "model.layers.54.self_attn.v_proj.weight"
  ],
  "cfg": {
    "block_size": 32,
    "codebook_size": 256,
    "num_stages": 3,
    "product_splits": 4,
    "sample_per_tensor": 32768,
    "kmeans_iters": 8
  },
  "per_tensor": [
    {
      "name": "model.layers.54.self_attn.q_proj.weight",
      "indep_rel_mse": 0.04819270223379135,
      "indep_storage_mb": 24.0625,
      "indep_storage_bytes": 25231360,
      "indep_codebook_bytes": 49152,
      "indep_ids_bytes": 25165824,
      "indep_bits_per_weight": 3.0078125,
      "shared_rel_mse": 0.047860801219940186
    },
    {
      "name": "model.layers.54.self_attn.k_proj.weight",
      "indep_rel_mse": 0.057985953986644745,
      "indep_storage_mb": 3.048828125,
      "indep_storage_bytes": 3196928,
      "indep_codebook_bytes": 49152,
      "indep_ids_bytes": 3145728,
      "indep_bits_per_weight": 3.048828125,
      "shared_rel_mse": 0.0833195298910141
    },
    {
      "name": "model.layers.54.self_attn.v_proj.weight",
      "indep_rel_mse": 0.03840013965964317,
      "indep_storage_mb": 3.048828125,
      "indep_storage_bytes": 3196928,
      "indep_codebook_bytes": 49152,
      "indep_ids_bytes": 3145728,
      "indep_bits_per_weight": 3.048828125,
      "shared_rel_mse": 0.04231452941894531
    }
  ],
  "indep_total_storage_mb": 30.16015625,
  "indep_pooled_rel_mse": 0.050508650796685275,
  "shared_total_storage_mb": 30.06640625,
  "shared_pooled_rel_mse": 0.05831694903146092,
  "shared_bits_per_weight": 3.006640625,
  "storage_savings_fraction": 0.0031084056469369292,
  "rel_mse_delta": 0.007808298234775642
}