{
  "tensor_names": [
    "model.layers.54.self_attn.q_proj.weight",
    "model.layers.54.self_attn.k_proj.weight",
    "model.layers.54.self_attn.v_proj.weight"
  ],
  "cfg": {
    "block_size": 32,
    "codebook_size": 256,
    "num_stages": 3,
    "product_splits": 4,
    "sample_per_tensor": 32768,
    "kmeans_iters": 8
  },
  "per_tensor": [
    {
      "name": "model.layers.54.self_attn.q_proj.weight",
      "indep_rel_mse": 0.04819270595908165,
      "indep_storage_mb": 24.0625,
      "indep_storage_bytes": 25231360,
      "indep_codebook_bytes": 49152,
      "indep_ids_bytes": 25165824,
      "indep_bits_per_weight": 3.0078125,
      "n_blocks": 2097152,
      "n_unique_full_id_tuple": 2096855,
      "full_id_tuple_uniqueness": 0.9998583793640137,
      "per_split_unique_counts": [
        1602370,
        1593440,
        1594258,
        1596191
      ],
      "shared_rel_mse": 0.047862373292446136
    },
    {
      "name": "model.layers.54.self_attn.k_proj.weight",
      "indep_rel_mse": 0.057986050844192505,
      "indep_storage_mb": 3.048828125,
      "indep_storage_bytes": 3196928,
      "indep_codebook_bytes": 49152,
      "indep_ids_bytes": 3145728,
      "indep_bits_per_weight": 3.048828125,
      "n_blocks": 262144,
      "n_unique_full_id_tuple": 262144,
      "full_id_tuple_uniqueness": 1.0,
      "per_split_unique_counts": [
        230185,
        232355,
        231395,
        230672
      ],
      "shared_rel_mse": 0.08330731093883514
    },
    {
      "name": "model.layers.54.self_attn.v_proj.weight",
      "indep_rel_mse": 0.03840472921729088,
      "indep_storage_mb": 3.048828125,
      "indep_storage_bytes": 3196928,
      "indep_codebook_bytes": 49152,
      "indep_ids_bytes": 3145728,
      "indep_bits_per_weight": 3.048828125,
      "n_blocks": 262144,
      "n_unique_full_id_tuple": 262144,
      "full_id_tuple_uniqueness": 1.0,
      "per_split_unique_counts": [
        257121,
        257225,
        257266,
        257320
      ],
      "shared_rel_mse": 0.04231119155883789
    }
  ],
  "indep_total_storage_mb": 30.16015625,
  "indep_pooled_rel_mse": 0.05050900069224484,
  "shared_total_storage_mb": 30.06640625,
  "shared_pooled_rel_mse": 0.058313963222480246,
  "shared_bits_per_weight": 3.006640625,
  "storage_savings_fraction": 0.0031084056469369292,
  "rel_mse_delta": 0.007804962530235403
}