{
  "tensor_names": [
    "model.layers.54.self_attn.q_proj.weight",
    "model.layers.54.self_attn.k_proj.weight",
    "model.layers.54.self_attn.v_proj.weight"
  ],
  "cfg": {
    "block_size": 32,
    "codebook_size": 256,
    "num_stages": 3,
    "product_splits": 4,
    "sample_per_tensor": 32768,
    "kmeans_iters": 8
  },
  "per_tensor": [
    {
      "name": "model.layers.54.self_attn.q_proj.weight",
      "indep_rel_mse": 0.048192694783210754,
      "indep_storage_mb": 24.0625,
      "indep_storage_bytes": 25231360,
      "indep_codebook_bytes": 49152,
      "indep_ids_bytes": 25165824,
      "indep_bits_per_weight": 3.0078125,
      "n_blocks": 2097152,
      "n_unique_full_id_tuple": 2096855,
      "full_id_tuple_uniqueness": 0.9998583793640137,
      "per_split_unique_counts": [
        1602369,
        1593444,
        1594259,
        1596189
      ],
      "per_stage_id_entropy_bits": [
        7.8116050997465925,
        7.909143448784267,
        7.910153890130479,
        7.803063055515569,
        7.904007507578575,
        7.90553658135593,
        7.814667670212858,
        7.898839315912451,
        7.903174587774109,
        7.810122272819077,
        7.9051623168363045,
        7.9133004410828285
      ],
      "avg_id_entropy_bits": 7.87406468231242,
      "entropy_compression_fraction": 0.9842580852890525,
      "shared_rel_mse": 0.04785473272204399
    },
    {
      "name": "model.layers.54.self_attn.k_proj.weight",
      "indep_rel_mse": 0.05798603966832161,
      "indep_storage_mb": 3.048828125,
      "indep_storage_bytes": 3196928,
      "indep_codebook_bytes": 49152,
      "indep_ids_bytes": 3145728,
      "indep_bits_per_weight": 3.048828125,
      "n_blocks": 262144,
      "n_unique_full_id_tuple": 262144,
      "full_id_tuple_uniqueness": 1.0,
      "per_split_unique_counts": [
        230185,
        232354,
        231394,
        230672
      ],
      "per_stage_id_entropy_bits": [
        7.574634306039246,
        7.731986669626169,
        7.759131438430798,
        7.619166424629232,
        7.734194278894982,
        7.761488522900288,
        7.571889800729587,
        7.742080639074597,
        7.766182540477603,
        7.584038818888899,
        7.728951483036513,
        7.759675871153591
      ],
      "avg_id_entropy_bits": 7.694451732823459,
      "entropy_compression_fraction": 0.9618064666029323,
      "shared_rel_mse": 0.08328518271446228
    },
    {
      "name": "model.layers.54.self_attn.v_proj.weight",
      "indep_rel_mse": 0.03840013965964317,
      "indep_storage_mb": 3.048828125,
      "indep_storage_bytes": 3196928,
      "indep_codebook_bytes": 49152,
      "indep_ids_bytes": 3145728,
      "indep_bits_per_weight": 3.048828125,
      "n_blocks": 262144,
      "n_unique_full_id_tuple": 262144,
      "full_id_tuple_uniqueness": 1.0,
      "per_split_unique_counts": [
        257121,
        257199,
        257266,
        257320
      ],
      "per_stage_id_entropy_bits": [
        7.962120059317521,
        7.968499714021654,
        7.953836438453478,
        7.964148023479017,
        7.973703691714682,
        7.954509480825768,
        7.9612245527538725,
        7.971687903962878,
        7.9572236663411715,
        7.959709441738793,
        7.971587825910838,
        7.959717971200051
      ],
      "avg_id_entropy_bits": 7.96316406414331,
      "entropy_compression_fraction": 0.9953955080179138,
      "shared_rel_mse": 0.04231606796383858
    }
  ],
  "indep_total_storage_mb": 30.16015625,
  "indep_pooled_rel_mse": 0.05050867293242161,
  "shared_total_storage_mb": 30.06640625,
  "shared_pooled_rel_mse": 0.058302762036809716,
  "shared_bits_per_weight": 3.006640625,
  "storage_savings_fraction": 0.0031084056469369292,
  "rel_mse_delta": 0.007794089104388106
}