{
  "shape": [
    8192,
    5376
  ],
  "seq": 2048,
  "results": {
    "per_group": {
      "ms": 33.772,
      "rel_mse": 0.03612884134054184
    },
    "per_group_fast": {
      "ms": 24.699,
      "rel_mse": 0.0361352302134037
    },
    "full_weight": {
      "ms": 32.949,
      "rel_mse": 0.03612885624170303
    },
    "full_weight_fast": {
      "ms": 24.13,
      "rel_mse": 0.0361352264881134
    },
    "stagewise_einsum": {
      "ms": 64.044,
      "rel_mse": 0.03615029901266098
    }
  }
}