{
  "shape": [
    8192,
    8192
  ],
  "seq": 2048,
  "results": {
    "per_group": {
      "ms": 35.027,
      "rel_mse": 0.040398914366960526
    },
    "per_group_fast": {
      "ms": 26.557,
      "rel_mse": 0.040404871106147766
    },
    "full_weight": {
      "ms": 33.738,
      "rel_mse": 0.04039894789457321
    },
    "full_weight_fast": {
      "ms": 24.946,
      "rel_mse": 0.040404919534921646
    },
    "stagewise_einsum": {
      "ms": 65.797,
      "rel_mse": 0.04042011499404907
    }
  }
}