{
  "model.layers.54.mlp.gate_proj": {
    "target": "model.layers.54.mlp.gate_proj",
    "m": 2048,
    "onehot_max_abs_diff": 0.001953125,
    "rand_max_abs_diff": 0.0625,
    "rand_mean_abs_diff": 0.0029407183174043894,
    "has_nan": false,
    "ms_hot_v2": 78.875556640625,
    "ms_b3": 351.826953125,
    "speedup_vs_hot_v2": 0.22418849931773546,
    "hot_hit_rate_mean": 0.2223554111662365,
    "hot_hit_rate_min": 0.03984560285295759,
    "staged_hot_kb_per_stage": 4.0,
    "pass_narrow_gate": false
  },
  "model.layers.54.mlp.up_proj": {
    "target": "model.layers.54.mlp.up_proj",
    "m": 2048,
    "onehot_max_abs_diff": 0.001953125,
    "rand_max_abs_diff": 0.03125,
    "rand_mean_abs_diff": 0.0027283437084406614,
    "has_nan": false,
    "ms_hot_v2": 78.8600244140625,
    "ms_b3": 351.684140625,
    "speedup_vs_hot_v2": 0.2242353728943119,
    "hot_hit_rate_mean": 0.2186186767759777,
    "hot_hit_rate_min": 0.024211883544921875,
    "staged_hot_kb_per_stage": 4.0,
    "pass_narrow_gate": false
  },
  "all_pass_narrow_gate": false
}