{
  "layer": "model.layers.0.self_attn.q_proj",
  "shape": [
    8192,
    8192
  ],
  "block_rvq_rel_mse": 0.0035287837963551283,
  "experiments": {},
  "baseline_fine": {
    "rel_mse": 0.9111145734786987,
    "K": 1005,
    "bps": 9.972979786066292,
    "time_s": 4.61
  },
  "baseline_coarse_rownorm": {
    "rel_mse": 0.0032011575531214476,
    "K": 511,
    "bps": 8.997179480937621,
    "time_s": 4.89
  },
  "m34_blockwise": {
    "4x4": {
      "block_size": 4,
      "rel_mse": 0.9346795082092285,
      "unique_routes": 65,
      "bps": 6.022367813028454
    },
    "8x8": {
      "block_size": 8,
      "rel_mse": 0.9852308630943298,
      "unique_routes": 30,
      "bps": 4.906890595608519
    },
    "16x16": {
      "block_size": 16,
      "rel_mse": 0.9969127774238586,
      "unique_routes": 12,
      "bps": 3.584962500721156
    },
    "time_s": 111.62
  },
  "m35_entropy_budget": {
    "K8": {
      "K_target": 8,
      "rel_mse": 0.11839459836483002,
      "K_actual": 8,
      "bps": 3.0
    },
    "K16": {
      "K_target": 16,
      "rel_mse": 0.0682528167963028,
      "K_actual": 16,
      "bps": 4.0
    },
    "K32": {
      "K_target": 32,
      "rel_mse": 0.02478550188243389,
      "K_actual": 32,
      "bps": 5.0
    },
    "K64": {
      "K_target": 64,
      "rel_mse": 0.01085793785750866,
      "K_actual": 64,
      "bps": 6.0
    },
    "K128": {
      "K_target": 128,
      "rel_mse": 0.00705085601657629,
      "K_actual": 128,
      "bps": 7.0
    },
    "K256": {
      "K_target": 256,
      "rel_mse": 0.004901645239442587,
      "K_actual": 256,
      "bps": 8.0
    },
    "time_s": 59.9
  },
  "m36_non_greedy": {
    "K8": {
      "K_target": 8,
      "rel_mse": 0.10817001014947891,
      "K_actual": 8,
      "bps": 3.0,
      "best_ladder": [
        0.2,
        0.16000000000000003,
        0.12800000000000003,
        0.10240000000000003,
        0.08192000000000002,
        0.06553600000000002
      ],
      "best_start": 0.2,
      "best_decay": 0.8,
      "unique_route_values": 729,
      "centers": [
        -0.7378559708595276,
        -0.14361600577831268,
        -0.030400000512599945,
        -6.399999983841553e-05,
        0.2115200012922287,
        0.04992000013589859,
        0.0060800001956522465,
        0.7378559708595276
      ]
    },
    "K16": {
      "K_target": 16,
      "rel_mse": 0.11565324664115906,
      "K_actual": 16,
      "bps": 4.0,
      "best_ladder": [
        0.2,
        0.16000000000000003,
        0.12800000000000003,
        0.10240000000000003,
        0.08192000000000002,
        0.06553600000000002
      ],
      "best_start": 0.2,
      "best_decay": 0.8,
      "unique_route_values": 729,
      "centers": [
        -0.7378559708595276,
        -0.24505600333213806,
        -0.054016001522541046,
        -0.007935999892652035,
        -6.399999983841553e-05,
        -6.399999983841553e-05,
        -6.399999983841553e-05,
        -6.399999983841553e-05,
        0.030400000512599945,
        6.399999983841553e-05,
        6.399999983841553e-05,
        6.399999983841553e-05,
        6.399999983841553e-05,
        6.399999983841553e-05,
        0.17440000176429749,
        0.6098560094833374
      ]
    },
    "K32": {
      "K_target": 32,
      "rel_mse": 0.0750284418463707,
      "K_actual": 32,
      "bps": 5.0,
      "best_ladder": [
        0.2,
        0.16000000000000003,
        0.12800000000000003,
        0.10240000000000003,
        0.08192000000000002,
        0.06553600000000002
      ],
      "best_start": 0.2,
      "best_decay": 0.8,
      "unique_route_values": 729,
      "centers": [
        -0.7378559708595276,
        -0.318015992641449,
        -0.09247999638319016,
        -0.024320000782608986,
        -0.003135999897494912,
        -6.399999983841553e-05,
        -6.399999983841553e-05,
        -6.399999983841553e-05,
        -6.399999983841553e-05,
        -6.399999983841553e-05,
        -6.399999983841553e-05,
        -6.399999983841553e-05,
        -6.399999983841553e-05,
        -6.399999983841553e-05,
        -6.399999983841553e-05,
        0.0,
        0.0,
        6.399999983841553e-05,
        6.399999983841553e-05,
        6.399999983841553e-05,
        6.399999983841553e-05,
        6.399999983841553e-05,
        6.399999983841553e-05,
        6.399999983841553e-05,
        6.399999983841553e-05,
        6.399999983841553e-05,
        6.399999983841553e-05,
        0.07398399710655212,
        0.02054399996995926,
        0.003135999897494912,
        0.25760000944137573,
        0.7378559708595276
      ]
    },
    "time_s": 337.09
  }
}