{
  "layer": "model.layers.0.self_attn.q_proj",
  "shape": [
    8192,
    8192
  ],
  "block_rvq_rel_mse": 0.0035287837963551283,
  "experiments": {},
  "baseline_fine": {
    "rel_mse": 0.9111145734786987,
    "K": 1005,
    "bps": 9.972979786066292,
    "time_s": 0.04
  },
  "baseline_coarse_rownorm": {
    "rel_mse": 0.0032011575531214476,
    "K": 511,
    "bps": 8.997179480937621,
    "time_s": 0.04
  },
  "m34_blockwise": {
    "4x4": {
      "block_size": 4,
      "rel_mse": 0.9346795082092285,
      "unique_routes": 65,
      "bps": 6.022367813028454
    },
    "8x8": {
      "block_size": 8,
      "rel_mse": 0.9852308630943298,
      "unique_routes": 30,
      "bps": 4.906890595608519
    },
    "16x16": {
      "block_size": 16,
      "rel_mse": 0.9969128966331482,
      "unique_routes": 12,
      "bps": 3.584962500721156
    },
    "time_s": 0.91
  },
  "m35_entropy_budget": {
    "K8": {
      "K_target": 8,
      "rel_mse": 0.11839459836483002,
      "K_actual": 8,
      "bps": 3.0
    },
    "K16": {
      "K_target": 16,
      "rel_mse": 0.0682528167963028,
      "K_actual": 16,
      "bps": 4.0
    },
    "K32": {
      "K_target": 32,
      "rel_mse": 0.02478550188243389,
      "K_actual": 32,
      "bps": 5.0
    },
    "K64": {
      "K_target": 64,
      "rel_mse": 0.01085793785750866,
      "K_actual": 64,
      "bps": 6.0
    },
    "K128": {
      "K_target": 128,
      "rel_mse": 0.00705085601657629,
      "K_actual": 128,
      "bps": 7.0
    },
    "K256": {
      "K_target": 256,
      "rel_mse": 0.004901645239442587,
      "K_actual": 256,
      "bps": 8.0
    },
    "time_s": 1.72
  },
  "m36_non_greedy": {
    "K8": {
      "K_target": 8,
      "rel_mse": 0.32658326625823975,
      "K_actual": 8,
      "bps": 3.0,
      "best_ladder": [
        0.3,
        0.15,
        0.075,
        0.0375,
        0.01875
      ],
      "best_start": 0.3,
      "best_decay": 0.5,
      "unique_route_values": 63,
      "centers": [
        -0.581250011920929,
        0.0,
        0.0,
        0.0,
        0.0,
        0.0,
        0.0,
        0.581250011920929
      ]
    },
    "K16": {
      "K_target": 16,
      "rel_mse": 0.339465856552124,
      "K_actual": 16,
      "bps": 4.0,
      "best_ladder": [
        0.3,
        0.24,
        0.19200000000000003,
        0.15360000000000004,
        0.12288000000000002
      ],
      "best_start": 0.3,
      "best_decay": 0.8,
      "unique_route_values": 243,
      "centers": [
        -0.4535999894142151,
        0.0,
        0.0,
        0.0,
        0.0,
        0.0,
        0.0,
        0.0,
        0.0,
        0.0,
        0.0,
        0.0,
        0.0,
        0.0,
        0.0,
        0.762719988822937
      ]
    },
    "K32": {
      "K_target": 32,
      "rel_mse": 0.22867056727409363,
      "K_actual": 32,
      "bps": 5.0,
      "best_ladder": [
        0.15,
        0.12,
        0.09600000000000002,
        0.07680000000000002,
        0.06144000000000001
      ],
      "best_start": 0.15,
      "best_decay": 0.8,
      "unique_route_values": 243,
      "centers": [
        -0.5042399764060974,
        -0.0854400023818016,
        0.0,
        0.0,
        0.0,
        0.0,
        0.0,
        0.0,
        0.0,
        0.0,
        0.0,
        0.0,
        0.0,
        0.0,
        0.0,
        0.0,
        0.0,
        0.0,
        0.0,
        0.0,
        0.0,
        0.0,
        0.0,
        0.0,
        0.0,
        0.0,
        0.0,
        0.0,
        0.0,
        0.0,
        0.0777600035071373,
        0.5042399764060974
      ]
    },
    "time_s": 2.86
  }
}