{
  "layer": "model.layers.54.self_attn.q_proj",
  "shape": [
    8192,
    8192
  ],
  "block_rvq_rel_mse": 0.041019607335329056,
  "experiments": {},
  "baseline_fine": {
    "rel_mse": 0.00038221103022806346,
    "K": 794,
    "bps": 9.632995197142957,
    "time_s": 0.24
  },
  "baseline_coarse_rownorm": {
    "rel_mse": 0.00012521057215053588,
    "K": 511,
    "bps": 8.997179480937621,
    "time_s": 0.04
  },
  "m34_blockwise": {
    "4x4": {
      "block_size": 4,
      "rel_mse": 0.935976505279541,
      "unique_routes": 93,
      "bps": 6.539158811108031
    },
    "8x8": {
      "block_size": 8,
      "rel_mse": 0.9842053651809692,
      "unique_routes": 43,
      "bps": 5.426264754702098
    },
    "16x16": {
      "block_size": 16,
      "rel_mse": 0.9960920214653015,
      "unique_routes": 22,
      "bps": 4.459431618637297
    },
    "time_s": 1.01
  },
  "m35_entropy_budget": {
    "K8": {
      "K_target": 8,
      "rel_mse": 0.0396670326590538,
      "K_actual": 8,
      "bps": 3.0
    },
    "K16": {
      "K_target": 16,
      "rel_mse": 0.018113579601049423,
      "K_actual": 16,
      "bps": 4.0
    },
    "K32": {
      "K_target": 32,
      "rel_mse": 0.016373474150896072,
      "K_actual": 32,
      "bps": 5.0
    },
    "K64": {
      "K_target": 64,
      "rel_mse": 0.011170185171067715,
      "K_actual": 64,
      "bps": 6.0
    },
    "K128": {
      "K_target": 128,
      "rel_mse": 0.00451391888782382,
      "K_actual": 128,
      "bps": 7.0
    },
    "K256": {
      "K_target": 256,
      "rel_mse": 0.0005896291113458574,
      "K_actual": 256,
      "bps": 8.0
    },
    "time_s": 2.06
  },
  "m36_non_greedy": {
    "K8": {
      "K_target": 8,
      "rel_mse": 0.03905780613422394,
      "K_actual": 8,
      "bps": 3.0,
      "best_ladder": [
        0.6,
        0.42,
        0.29399999999999993,
        0.20579999999999996,
        0.14405999999999997
      ],
      "best_start": 0.6,
      "best_decay": 0.7,
      "unique_route_values": 243,
      "centers": [
        -0.5357400178909302,
        -0.3197999894618988,
        -0.16986000537872314,
        -0.05226000025868416,
        0.05226000025868416,
        0.16986000537872314,
        0.3197999894618988,
        0.5441399812698364
      ]
    },
    "K16": {
      "K_target": 16,
      "rel_mse": 0.013035638257861137,
      "K_actual": 16,
      "bps": 4.0,
      "best_ladder": [
        0.3,
        0.24,
        0.19200000000000003,
        0.15360000000000004,
        0.12288000000000002
      ],
      "best_start": 0.3,
      "best_decay": 0.8,
      "unique_route_values": 243,
      "centers": [
        -0.6244800090789795,
        -0.4320000112056732,
        -0.31727999448776245,
        -0.230880007147789,
        -0.1555200070142746,
        -0.09839999675750732,
        -0.04800000041723251,
        -0.01727999933063984,
        0.01727999933063984,
        0.04800000041723251,
        0.09839999675750732,
        0.1555200070142746,
        0.230880007147789,
        0.31727999448776245,
        0.4320000112056732,
        0.6244800090789795
      ]
    },
    "K32": {
      "K_target": 32,
      "rel_mse": 0.005401058588176966,
      "K_actual": 32,
      "bps": 5.0,
      "best_ladder": [
        0.3,
        0.24,
        0.19200000000000003,
        0.15360000000000004,
        0.12288000000000002
      ],
      "best_start": 0.3,
      "best_decay": 0.8,
      "unique_route_values": 243,
      "centers": [
        -0.7012799978256226,
        -0.5284799933433533,
        -0.42287999391555786,
        -0.3384000062942505,
        -0.2784000039100647,
        -0.2284799963235855,
        -0.1828799992799759,
        -0.1555200070142746,
        -0.13199999928474426,
        -0.1080000028014183,
        -0.09071999788284302,
        -0.07487999647855759,
        -0.05999999865889549,
        -0.03840000182390213,
        -0.023520000278949738,
        -0.009119999594986439,
        0.009119999594986439,
        0.023520000278949738,
        0.03840000182390213,
        0.05999999865889549,
        0.07487999647855759,
        0.09071999788284302,
        0.1080000028014183,
        0.13199999928474426,
        0.1555200070142746,
        0.1828799992799759,
        0.21648000180721283,
        0.2635200023651123,
        0.32447999715805054,
        0.40560001134872437,
        0.5092800259590149,
        0.662880003452301
      ]
    },
    "time_s": 2.91
  }
}