{
  "layer": "model.layers.54.self_attn.q_proj",
  "shape": [
    8192,
    8192
  ],
  "block_rvq_rel_mse": 0.041019607335329056,
  "experiments": {},
  "baseline_fine": {
    "rel_mse": 0.00038221082650125027,
    "K": 794,
    "bps": 9.632995197142957,
    "time_s": 0.23
  },
  "baseline_coarse_rownorm": {
    "rel_mse": 0.0001252105867024511,
    "K": 511,
    "bps": 8.997179480937621,
    "time_s": 0.04
  },
  "m34_blockwise": {
    "4x4": {
      "block_size": 4,
      "rel_mse": 0.935976505279541,
      "unique_routes": 93,
      "bps": 6.539158811108031
    },
    "8x8": {
      "block_size": 8,
      "rel_mse": 0.984205424785614,
      "unique_routes": 43,
      "bps": 5.426264754702098
    },
    "16x16": {
      "block_size": 16,
      "rel_mse": 0.9960920214653015,
      "unique_routes": 22,
      "bps": 4.459431618637297
    },
    "time_s": 1.03
  },
  "m35_entropy_budget": {
    "K8": {
      "K_target": 8,
      "rel_mse": 0.0396670326590538,
      "K_actual": 8,
      "bps": 3.0
    },
    "K16": {
      "K_target": 16,
      "rel_mse": 0.018113579601049423,
      "K_actual": 16,
      "bps": 4.0
    },
    "K32": {
      "K_target": 32,
      "rel_mse": 0.016373474150896072,
      "K_actual": 32,
      "bps": 5.0
    },
    "K64": {
      "K_target": 64,
      "rel_mse": 0.01117018423974514,
      "K_actual": 64,
      "bps": 6.0
    },
    "K128": {
      "K_target": 128,
      "rel_mse": 0.004513919819146395,
      "K_actual": 128,
      "bps": 7.0
    },
    "K256": {
      "K_target": 256,
      "rel_mse": 0.0005896291695535183,
      "K_actual": 256,
      "bps": 8.0
    },
    "time_s": 3.23
  },
  "m36_non_greedy": {
    "K8": {
      "K_target": 8,
      "rel_mse": 0.03904847055673599,
      "K_actual": 8,
      "bps": 3.0,
      "best_ladder": [
        0.6,
        0.42,
        0.29399999999999993,
        0.20579999999999996,
        0.14405999999999997
      ],
      "best_start": 0.6,
      "best_decay": 0.7,
      "unique_route_values": 243,
      "centers": [
        -0.5441399812698364,
        -0.32405999302864075,
        -0.16986000537872314,
        -0.05226000025868416,
        0.05226000025868416,
        0.16986000537872314,
        0.3197999894618988,
        0.5382599830627441
      ]
    },
    "K16": {
      "K_target": 16,
      "rel_mse": 0.013466988690197468,
      "K_actual": 16,
      "bps": 4.0,
      "best_ladder": [
        0.3,
        0.21,
        0.14699999999999996,
        0.10289999999999998,
        0.07202999999999998
      ],
      "best_start": 0.3,
      "best_decay": 0.7,
      "unique_route_values": 243,
      "centers": [
        -0.6261299848556519,
        -0.43797001242637634,
        -0.31290000677108765,
        -0.22503000497817993,
        -0.15299999713897705,
        -0.09386999905109406,
        -0.05009999871253967,
        -0.015030000358819962,
        0.017969999462366104,
        0.05009999871253967,
        0.09386999905109406,
        0.1469999998807907,
        0.20999999344348907,
        0.30000001192092896,
        0.416130006313324,
        0.6129000186920166
      ]
    },
    "K32": {
      "K_target": 32,
      "rel_mse": 0.0055770534090697765,
      "K_actual": 32,
      "bps": 5.0,
      "best_ladder": [
        0.3,
        0.24,
        0.19200000000000003,
        0.15360000000000004,
        0.12288000000000002
      ],
      "best_start": 0.3,
      "best_decay": 0.8,
      "unique_route_values": 243,
      "centers": [
        -0.6935999989509583,
        -0.516480028629303,
        -0.4084799885749817,
        -0.3307200074195862,
        -0.2707200050354004,
        -0.22271999716758728,
        -0.1828799992799759,
        -0.1555200070142746,
        -0.13199999928474426,
        -0.1080000028014183,
        -0.09071999788284302,
        -0.07487999647855759,
        -0.05999999865889549,
        -0.03840000182390213,
        -0.023520000278949738,
        -0.009119999594986439,
        0.009119999594986439,
        0.024480000138282776,
        0.03840000182390213,
        0.05999999865889549,
        0.07487999647855759,
        0.09071999788284302,
        0.1080000028014183,
        0.13199999928474426,
        0.1555200070142746,
        0.1828799992799759,
        0.22127999365329742,
        0.2635200023651123,
        0.31727999448776245,
        0.3935999870300293,
        0.5016000270843506,
        0.662880003452301
      ]
    },
    "time_s": 2.81
  }
}