{
  "model": "unsloth/Llama-3.3-70B-Instruct",
  "task": "baseline_16steps",
  "ppl": 2.7805325984954834,
  "tokens": 9728,
  "steps": 16,
  "load_time_sec": 38.44782757759094
}