{
  "results": [
    {
      "tensor_name": "model.layers.0.self_attn.q_proj.weight",
      "shape": [
        8192,
        8192
      ],
      "global_unique_routes": 1593,
      "mean_exact_local_unique": 312.59326171875,
      "ms_dense": 0.1016319990158081,
      "ms_global_full": 1.4524160385131837,
      "ms_global_tiled": 615.061767578125,
      "ms_local_tiled": 575.70732421875,
      "local_vs_global_full": 0.0025228375207561418,
      "local_vs_global_tiled": 1.068358420509553,
      "local_vs_dense": 0.00017653414285414103,
      "global_rel_mse": 4.389495188661385e-06,
      "local_rel_mse": 1.0854442734853365e-05
    },
    {
      "tensor_name": "model.layers.0.mlp.up_proj.weight",
      "shape": [
        28672,
        8192
      ],
      "global_unique_routes": 1511,
      "mean_exact_local_unique": 352.2382114955357,
      "ms_dense": 0.3642879962921143,
      "ms_global_full": 4.883526229858399,
      "ms_global_tiled": 2190.3310546875,
      "ms_local_tiled": 1996.7365234375,
      "local_vs_global_full": 0.002445753945268212,
      "local_vs_global_tiled": 1.096955471579553,
      "local_vs_dense": 0.00018244169524428338,
      "global_rel_mse": 1.370568043057574e-06,
      "local_rel_mse": 4.7661183089076076e-06
    }
  ]
}