{
  "results": [
    {
      "tensor_name": "model.layers.0.self_attn.q_proj.weight",
      "group_rows": 256,
      "group_cols": 4096,
      "launches": 64,
      "mean_group_unique": 1310.234375,
      "total_group_unique": 83855,
      "group_area": 1048576,
      "ms_dense": 0.09990400075912476,
      "ms_global_full": 1.4388416290283204,
      "ms_grouped_global": 10.331756591796875,
      "ms_grouped_local": 9.48721923828125,
      "local_vs_grouped_global": 1.0890184291417961,
      "local_vs_global_full": 0.1516610497649876,
      "local_vs_dense": 0.010530377579555529,
      "grouped_global_mse": 1.2041026820952538e-05,
      "grouped_local_mse": 1.2041026820952538e-05
    },
    {
      "tensor_name": "model.layers.0.self_attn.q_proj.weight",
      "group_rows": 256,
      "group_cols": 8192,
      "launches": 32,
      "mean_group_unique": 1463.375,
      "total_group_unique": 46828,
      "group_area": 2097152,
      "ms_dense": 0.09990400075912476,
      "ms_global_full": 1.4388416290283204,
      "ms_grouped_global": 9.698880004882813,
      "ms_grouped_local": 8.744499206542969,
      "local_vs_grouped_global": 1.1091407038639491,
      "local_vs_global_full": 0.16454248494318852,
      "local_vs_dense": 0.011424782414569009,
      "grouped_global_mse": 4.576481842377689e-06,
      "grouped_local_mse": 4.576481842377689e-06
    },
    {
      "tensor_name": "model.layers.0.self_attn.q_proj.weight",
      "group_rows": 512,
      "group_cols": 4096,
      "launches": 32,
      "mean_group_unique": 1455.53125,
      "total_group_unique": 46577,
      "group_area": 2097152,
      "ms_dense": 0.09990400075912476,
      "ms_global_full": 1.4388416290283204,
      "ms_grouped_global": 5.665177536010742,
      "ms_grouped_local": 5.674796676635742,
      "local_vs_grouped_global": 0.9983049365161216,
      "local_vs_global_full": 0.25354945930526734,
      "local_vs_dense": 0.017604859953916807,
      "grouped_global_mse": 1.2041026820952538e-05,
      "grouped_local_mse": 1.2041026820952538e-05
    },
    {
      "tensor_name": "model.layers.0.self_attn.q_proj.weight",
      "group_rows": 512,
      "group_cols": 8192,
      "launches": 16,
      "mean_group_unique": 1549.4375,
      "total_group_unique": 24791,
      "group_area": 4194304,
      "ms_dense": 0.09990400075912476,
      "ms_global_full": 1.4388416290283204,
      "ms_grouped_global": 5.674931335449219,
      "ms_grouped_local": 5.153619384765625,
      "local_vs_grouped_global": 1.1011545307797894,
      "local_vs_global_full": 0.2791905109022241,
      "local_vs_dense": 0.01938521130498041,
      "grouped_global_mse": 4.576481842377689e-06,
      "grouped_local_mse": 4.576481842377689e-06
    },
    {
      "tensor_name": "model.layers.0.self_attn.q_proj.weight",
      "group_rows": 1024,
      "group_cols": 4096,
      "launches": 16,
      "mean_group_unique": 1541.6875,
      "total_group_unique": 24667,
      "group_area": 4194304,
      "ms_dense": 0.09990400075912476,
      "ms_global_full": 1.4388416290283204,
      "ms_grouped_global": 3.1470720291137697,
      "ms_grouped_local": 3.2928703308105467,
      "local_vs_grouped_global": 0.9557230358169347,
      "local_vs_global_full": 0.436956662266791,
      "local_vs_dense": 0.030339488264796988,
      "grouped_global_mse": 1.2041026820952538e-05,
      "grouped_local_mse": 1.2041026820952538e-05
    },
    {
      "tensor_name": "model.layers.0.self_attn.q_proj.weight",
      "group_rows": 1024,
      "group_cols": 8192,
      "launches": 8,
      "mean_group_unique": 1582.25,
      "total_group_unique": 12658,
      "group_area": 8388608,
      "ms_dense": 0.09990400075912476,
      "ms_global_full": 1.4388416290283204,
      "ms_grouped_global": 3.304083251953125,
      "ms_grouped_local": 3.172819137573242,
      "local_vs_grouped_global": 1.0413714456098122,
      "local_vs_global_full": 0.45348996165247246,
      "local_vs_dense": 0.03148745529678606,
      "grouped_global_mse": 4.576481842377689e-06,
      "grouped_local_mse": 4.576481842377689e-06
    },
    {
      "tensor_name": "model.layers.0.self_attn.q_proj.weight",
      "group_rows": 2048,
      "group_cols": 4096,
      "launches": 8,
      "mean_group_unique": 1582.625,
      "total_group_unique": 12661,
      "group_area": 8388608,
      "ms_dense": 0.09990400075912476,
      "ms_global_full": 1.4388416290283204,
      "ms_grouped_global": 1.9992319107055665,
      "ms_grouped_local": 1.865567970275879,
      "local_vs_grouped_global": 1.071647853393367,
      "local_vs_global_full": 0.7712619705920152,
      "local_vs_dense": 0.053551520154128195,
      "grouped_global_mse": 1.2041026820952538e-05,
      "grouped_local_mse": 1.2041026820952538e-05
    },
    {
      "tensor_name": "model.layers.0.self_attn.q_proj.weight",
      "group_rows": 2048,
      "group_cols": 8192,
      "launches": 4,
      "mean_group_unique": 1592.5,
      "total_group_unique": 6370,
      "group_area": 16777216,
      "ms_dense": 0.09990400075912476,
      "ms_global_full": 1.4388416290283204,
      "ms_grouped_global": 1.9010623931884765,
      "ms_grouped_local": 1.8232831954956055,
      "local_vs_grouped_global": 1.0426588682904683,
      "local_vs_global_full": 0.7891487359632106,
      "local_vs_dense": 0.054793463245828254,
      "grouped_global_mse": 4.576481842377689e-06,
      "grouped_local_mse": 4.576481842377689e-06
    },
    {
      "tensor_name": "model.layers.0.mlp.up_proj.weight",
      "group_rows": 256,
      "group_cols": 4096,
      "launches": 224,
      "mean_group_unique": 1064.611607142857,
      "total_group_unique": 238473,
      "group_area": 1048576,
      "ms_dense": 0.3669248104095459,
      "ms_global_full": 4.942982482910156,
      "ms_grouped_global": 33.80760192871094,
      "ms_grouped_local": 30.298040771484374,
      "local_vs_grouped_global": 1.1158345908798717,
      "local_vs_global_full": 0.16314528454798127,
      "local_vs_dense": 0.012110512794440647,
      "grouped_global_mse": 4.983668986824341e-06,
      "grouped_local_mse": 4.983668986824341e-06
    },
    {
      "tensor_name": "model.layers.0.mlp.up_proj.weight",
      "group_rows": 256,
      "group_cols": 8192,
      "launches": 112,
      "mean_group_unique": 1257.357142857143,
      "total_group_unique": 140824,
      "group_area": 2097152,
      "ms_dense": 0.3669248104095459,
      "ms_global_full": 4.942982482910156,
      "ms_grouped_global": 29.81822814941406,
      "ms_grouped_local": 26.62584228515625,
      "local_vs_grouped_global": 1.1198980235091962,
      "local_vs_global_full": 0.18564605130504508,
      "local_vs_dense": 0.01378077757991169,
      "grouped_global_mse": 1.3557223610405345e-06,
      "grouped_local_mse": 1.3557223610405345e-06
    },
    {
      "tensor_name": "model.layers.0.mlp.up_proj.weight",
      "group_rows": 512,
      "group_cols": 4096,
      "launches": 112,
      "mean_group_unique": 1242.642857142857,
      "total_group_unique": 139176,
      "group_area": 2097152,
      "ms_dense": 0.3669248104095459,
      "ms_global_full": 4.942982482910156,
      "ms_grouped_global": 17.077984619140626,
      "ms_grouped_local": 16.9274169921875,
      "local_vs_grouped_global": 1.0088948967832847,
      "local_vs_global_full": 0.2920104399384435,
      "local_vs_dense": 0.02167636152514542,
      "grouped_global_mse": 4.983668986824341e-06,
      "grouped_local_mse": 4.983668986824341e-06
    },
    {
      "tensor_name": "model.layers.0.mlp.up_proj.weight",
      "group_rows": 512,
      "group_cols": 8192,
      "launches": 56,
      "mean_group_unique": 1403.1964285714287,
      "total_group_unique": 78579,
      "group_area": 4194304,
      "ms_dense": 0.3669248104095459,
      "ms_global_full": 4.942982482910156,
      "ms_grouped_global": 17.05296630859375,
      "ms_grouped_local": 16.109100341796875,
      "local_vs_grouped_global": 1.0585920968129987,
      "local_vs_global_full": 0.3068441053834044,