{
  "results": [
    {
      "tensor_name": "model.layers.0.self_attn.q_proj.weight",
      "group_rows": 1024,
      "group_cols": 8192,
      "launches": 8,
      "mean_group_unique": 1582.25,
      "total_group_unique": 12658,
      "group_area": 8388608,
      "ms_dense": 0.09930239915847779,
      "ms_global_full": 1.4375743865966797,
      "ms_grouped_global": 3.2985088348388674,
      "ms_grouped_local": 3.174278450012207,
      "local_vs_grouped_global": 1.0391365744319572,
      "local_vs_global_full": 0.4528822563096666,
      "local_vs_dense": 0.03128345566473411,
      "grouped_global_mse": 4.168706254858989e-06,
      "grouped_local_mse": 4.168706254858989e-06
    },
    {
      "tensor_name": "model.layers.0.self_attn.q_proj.weight",
      "group_rows": 2048,
      "group_cols": 8192,
      "launches": 4,
      "mean_group_unique": 1592.5,
      "total_group_unique": 6370,
      "group_area": 16777216,
      "ms_dense": 0.09930239915847779,
      "ms_global_full": 1.4375743865966797,
      "ms_grouped_global": 1.93372802734375,
      "ms_grouped_local": 1.8224767684936523,
      "local_vs_grouped_global": 1.061043992863652,
      "local_vs_global_full": 0.7888025852778857,
      "local_vs_dense": 0.05448760767499663,
      "grouped_global_mse": 4.168706254858989e-06,
      "grouped_local_mse": 4.168706254858989e-06
    },
    {
      "tensor_name": "model.layers.0.mlp.up_proj.weight",
      "group_rows": 1024,
      "group_cols": 8192,
      "launches": 28,
      "mean_group_unique": 1471.7857142857142,
      "total_group_unique": 41210,
      "group_area": 8388608,
      "ms_dense": 0.36666240692138674,
      "ms_global_full": 4.885631942749024,
      "ms_grouped_global": 11.626515197753907,
      "ms_grouped_local": 11.090035247802735,
      "local_vs_grouped_global": 1.0483749544490821,
      "local_vs_global_full": 0.44054250807877393,
      "local_vs_dense": 0.03306233016653698,
      "grouped_global_mse": 1.3435494565783301e-06,
      "grouped_local_mse": 1.3435494565783301e-06
    },
    {
      "tensor_name": "model.layers.0.mlp.up_proj.weight",
      "group_rows": 2048,
      "group_cols": 8192,
      "launches": 14,
      "mean_group_unique": 1504.5,
      "total_group_unique": 21063,
      "group_area": 16777216,
      "ms_dense": 0.36666240692138674,
      "ms_global_full": 4.885631942749024,
      "ms_grouped_global": 6.853657531738281,
      "ms_grouped_local": 6.437996673583984,
      "local_vs_grouped_global": 1.0645636957005293,
      "local_vs_global_full": 0.7588745677355607,
      "local_vs_dense": 0.056952872999430824,
      "grouped_global_mse": 1.3435494565783301e-06,
      "grouped_local_mse": 1.3435494565783301e-06
    }
  ]
}