{
  "results": [
    {
      "tensor_name": "model.layers.0.self_attn.q_proj.weight",
      "group_rows": 1024,
      "group_cols": 8192,
      "launches": 8,
      "mean_group_unique": 1582.25,
      "total_group_unique": 12658,
      "group_area": 8388608,
      "ms_dense": 0.10169600248336792,
      "ms_global_full": 1.4351807594299317,
      "ms_grouped_global": 3.298636627197266,
      "ms_grouped_local": 2.7137216567993163,
      "local_vs_grouped_global": 1.2155397805565011,
      "local_vs_global_full": 0.5288607089949849,
      "local_vs_dense": 0.03747473593268688,
      "grouped_global_mse": 4.857314252149081e-06,
      "grouped_local_mse": 4.857314252149081e-06
    },
    {
      "tensor_name": "model.layers.0.self_attn.q_proj.weight",
      "group_rows": 2048,
      "group_cols": 8192,
      "launches": 4,
      "mean_group_unique": 1592.5,
      "total_group_unique": 6370,
      "group_area": 16777216,
      "ms_dense": 0.10169600248336792,
      "ms_global_full": 1.4351807594299317,
      "ms_grouped_global": 1.9387584686279298,
      "ms_grouped_local": 1.6189056396484376,
      "local_vs_grouped_global": 1.1975734849184612,
      "local_vs_global_full": 0.8865129160595155,
      "local_vs_dense": 0.06281774551446512,
      "grouped_global_mse": 4.857314252149081e-06,
      "grouped_local_mse": 4.857314252149081e-06
    },
    {
      "tensor_name": "model.layers.0.mlp.up_proj.weight",
      "group_rows": 1024,
      "group_cols": 8192,
      "launches": 28,
      "mean_group_unique": 1465.7857142857142,
      "total_group_unique": 41042,
      "group_area": 8388608,
      "ms_dense": 0.3665152072906494,
      "ms_global_full": 5.360083389282226,
      "ms_grouped_global": 11.838246154785157,
      "ms_grouped_local": 9.13763198852539,
      "local_vs_grouped_global": 1.2955485808195242,
      "local_vs_global_full": 0.5865943601157464,
      "local_vs_dense": 0.040110524012227894,
      "grouped_global_mse": 1.3339491715669283e-06,
      "grouped_local_mse": 1.3339491715669283e-06
    },
    {
      "tensor_name": "model.layers.0.mlp.up_proj.weight",
      "group_rows": 2048,
      "group_cols": 8192,
      "launches": 14,
      "mean_group_unique": 1498.5,
      "total_group_unique": 20979,
      "group_area": 16777216,
      "ms_dense": 0.3665152072906494,
      "ms_global_full": 5.360083389282226,
      "ms_grouped_global": 6.865471649169922,
      "ms_grouped_local": 5.617779159545899,
      "local_vs_grouped_global": 1.2220971053132101,
      "local_vs_global_full": 0.9541285331898838,
      "local_vs_dense": 0.06524201056708606,
      "grouped_global_mse": 1.3339491715669283e-06,
      "grouped_local_mse": 1.3339491715669283e-06
    }
  ]
}