{
  "results": [
    {
      "tensor_name": "model.layers.0.self_attn.q_proj.weight",
      "group_rows": 1024,
      "group_cols": 8192,
      "launches": 8,
      "mean_group_unique": 1582.25,
      "total_group_unique": 12658,
      "group_area": 8388608,
      "ms_dense": 0.09944319725036621,
      "ms_global_full": 1.4537152290344237,
      "ms_grouped_global": 3.293695831298828,
      "ms_grouped_local": 2.4793792724609376,
      "local_vs_grouped_global": 1.3284356564091264,
      "local_vs_global_full": 0.5863222481454083,
      "local_vs_dense": 0.040108102199169667,
      "grouped_global_mse": 4.406952029967215e-06,
      "grouped_local_mse": 4.406952029967215e-06
    },
    {
      "tensor_name": "model.layers.0.self_attn.q_proj.weight",
      "group_rows": 2048,
      "group_cols": 8192,
      "launches": 4,
      "mean_group_unique": 1592.5,
      "total_group_unique": 6370,
      "group_area": 16777216,
      "ms_dense": 0.09944319725036621,
      "ms_global_full": 1.4537152290344237,
      "ms_grouped_global": 1.9383359909057618,
      "ms_grouped_local": 1.5730239868164062,
      "local_vs_grouped_global": 1.232235494913653,
      "local_vs_global_full": 0.9241532495486939,
      "local_vs_dense": 0.06321785178344684,
      "grouped_global_mse": 4.406952029967215e-06,
      "grouped_local_mse": 4.406952029967215e-06
    },
    {
      "tensor_name": "model.layers.0.mlp.up_proj.weight",
      "group_rows": 1024,
      "group_cols": 8192,
      "launches": 28,
      "mean_group_unique": 1485.7857142857142,
      "total_group_unique": 41602,
      "group_area": 8388608,
      "ms_dense": 0.3688575983047485,
      "ms_global_full": 4.8831745147705075,
      "ms_grouped_global": 11.622573089599609,
      "ms_grouped_local": 8.447334289550781,
      "local_vs_grouped_global": 1.375886485749303,
      "local_vs_global_full": 0.5780728390032956,
      "local_vs_dense": 0.04366556189933427,
      "grouped_global_mse": 1.3302952766025555e-06,
      "grouped_local_mse": 1.3302952766025555e-06
    },
    {
      "tensor_name": "model.layers.0.mlp.up_proj.weight",
      "group_rows": 2048,
      "group_cols": 8192,
      "launches": 14,
      "mean_group_unique": 1518.5,
      "total_group_unique": 21259,
      "group_area": 16777216,
      "ms_dense": 0.3688575983047485,
      "ms_global_full": 4.8831745147705075,
      "ms_grouped_global": 6.640735626220703,
      "ms_grouped_local": 5.922566223144531,
      "local_vs_grouped_global": 1.1212598350136922,
      "local_vs_global_full": 0.8245031513008277,
      "local_vs_dense": 0.06228002936688263,
      "grouped_global_mse": 1.3302952766025555e-06,
      "grouped_local_mse": 1.3302952766025555e-06
    }
  ]
}