{
  "results": [
    {
      "tensor_name": "model.layers.0.self_attn.q_proj.weight",
      "group_rows": 1024,
      "group_cols": 8192,
      "launches": 8,
      "mean_group_unique": 1582.25,
      "total_group_unique": 12658,
      "group_area": 8388608,
      "ms_dense": 0.10014079809188843,
      "ms_global_full": 1.4448448181152345,
      "ms_grouped_global": 3.2947265625,
      "ms_grouped_local": 2.4793920516967773,
      "local_vs_grouped_global": 1.328844528740522,
      "local_vs_global_full": 0.5827415705097755,
      "local_vs_dense": 0.040389255109274415,
      "grouped_global_mse": 4.237613211444113e-06,
      "grouped_local_mse": 4.237613211444113e-06
    },
    {
      "tensor_name": "model.layers.0.self_attn.q_proj.weight",
      "group_rows": 2048,
      "group_cols": 8192,
      "launches": 4,
      "mean_group_unique": 1592.5,
      "total_group_unique": 6370,
      "group_area": 16777216,
      "ms_dense": 0.10014079809188843,
      "ms_global_full": 1.4448448181152345,
      "ms_grouped_global": 1.9124160766601563,
      "ms_grouped_local": 1.5741312026977539,
      "local_vs_grouped_global": 1.2149025909547109,
      "local_vs_global_full": 0.917868101235178,
      "local_vs_dense": 0.06361655109832436,
      "grouped_global_mse": 4.237613211444113e-06,
      "grouped_local_mse": 4.237613211444113e-06
    },
    {
      "tensor_name": "model.layers.0.mlp.up_proj.weight",
      "group_rows": 1024,
      "group_cols": 8192,
      "launches": 28,
      "mean_group_unique": 1467.7857142857142,
      "total_group_unique": 41098,
      "group_area": 8388608,
      "ms_dense": 0.36810879707336425,
      "ms_global_full": 5.237593460083008,
      "ms_grouped_global": 11.727654266357423,
      "ms_grouped_local": 8.428768157958984,
      "local_vs_grouped_global": 1.391384131889239,
      "local_vs_global_full": 0.6213948897309906,
      "local_vs_dense": 0.04367290571704387,
      "grouped_global_mse": 1.3458725334203336e-06,
      "grouped_local_mse": 1.3458725334203336e-06
    },
    {
      "tensor_name": "model.layers.0.mlp.up_proj.weight",
      "group_rows": 2048,
      "group_cols": 8192,
      "launches": 14,
      "mean_group_unique": 1500.5,
      "total_group_unique": 21007,
      "group_area": 16777216,
      "ms_dense": 0.36810879707336425,
      "ms_global_full": 5.237593460083008,
      "ms_grouped_global": 6.713401794433594,
      "ms_grouped_local": 5.861030578613281,
      "local_vs_grouped_global": 1.1454302625430055,
      "local_vs_global_full": 0.8936301201353263,
      "local_vs_dense": 0.06280615535714518,
      "grouped_global_mse": 1.3458725334203336e-06,
      "grouped_local_mse": 1.3458725334203336e-06
    }
  ]
}