{
  "results": [
    {
      "tensor_name": "model.layers.0.self_attn.q_proj.weight",
      "group_rows": 1024,
      "group_cols": 8192,
      "launches": 8,
      "mean_group_unique": 1582.25,
      "total_group_unique": 12658,
      "group_area": 8388608,
      "ms_dense": 0.1000704050064087,
      "ms_global_full": 1.6604736328125,
      "ms_grouped_global": 4.061644744873047,
      "ms_grouped_local": 2.370329666137695,
      "local_vs_grouped_global": 1.7135358017483049,
      "local_vs_global_full": 0.7005243433155602,
      "local_vs_dense": 0.04221792708246663,
      "grouped_global_mse": 4.463998266146518e-06,
      "grouped_local_mse": 4.463998266146518e-06
    },
    {
      "tensor_name": "model.layers.0.self_attn.q_proj.weight",
      "group_rows": 2048,
      "group_cols": 8192,
      "launches": 4,
      "mean_group_unique": 1592.5,
      "total_group_unique": 6370,
      "group_area": 16777216,
      "ms_dense": 0.1000704050064087,
      "ms_global_full": 1.6604736328125,
      "ms_grouped_global": 2.141440010070801,
      "ms_grouped_local": 1.6158464431762696,
      "local_vs_grouped_global": 1.3252744523553686,
      "local_vs_global_full": 1.027618459553933,
      "local_vs_dense": 0.0619306403953214,
      "grouped_global_mse": 4.463998266146518e-06,
      "grouped_local_mse": 4.463998266146518e-06
    },
    {
      "tensor_name": "model.layers.0.mlp.up_proj.weight",
      "group_rows": 1024,
      "group_cols": 8192,
      "launches": 28,
      "mean_group_unique": 1473.7857142857142,
      "total_group_unique": 41266,
      "group_area": 8388608,
      "ms_dense": 0.36778879165649414,
      "ms_global_full": 4.820537567138672,
      "ms_grouped_global": 14.193440246582032,
      "ms_grouped_local": 8.107231903076173,
      "local_vs_grouped_global": 1.7507134884345092,
      "local_vs_global_full": 0.594597221933369,
      "local_vs_dense": 0.04536552007559349,
      "grouped_global_mse": 1.1652090279312688e-06,
      "grouped_local_mse": 1.1652090279312688e-06
    },
    {
      "tensor_name": "model.layers.0.mlp.up_proj.weight",
      "group_rows": 2048,
      "group_cols": 8192,
      "launches": 14,
      "mean_group_unique": 1506.5,
      "total_group_unique": 21091,
      "group_area": 16777216,
      "ms_dense": 0.36778879165649414,
      "ms_global_full": 4.820537567138672,
      "ms_grouped_global": 7.522930908203125,
      "ms_grouped_local": 6.085644912719727,
      "local_vs_grouped_global": 1.2361764473768915,
      "local_vs_global_full": 0.7921161415552148,
      "local_vs_dense": 0.06043546689485144,
      "grouped_global_mse": 1.1652090279312688e-06,
      "grouped_local_mse": 1.1652090279312688e-06
    }
  ]
}