{
  "results": [
    {
      "tensor_name": "model.layers.0.self_attn.q_proj.weight",
      "group_rows": 1024,
      "group_cols": 8192,
      "launches": 8,
      "mean_group_unique": 1582.25,
      "total_group_unique": 12658,
      "group_area": 8388608,
      "ms_dense": 0.0995199978351593,
      "ms_global_full": 1.6624576568603515,
      "ms_grouped_global": 4.061740875244141,
      "ms_grouped_local": 2.3796863555908203,
      "local_vs_grouped_global": 1.7068387460816052,
      "local_vs_global_full": 0.6986036848740944,
      "local_vs_dense": 0.04182063640502356,
      "grouped_global_mse": 4.40552867075894e-06,
      "grouped_local_mse": 4.40552867075894e-06
    },
    {
      "tensor_name": "model.layers.0.self_attn.q_proj.weight",
      "group_rows": 2048,
      "group_cols": 8192,
      "launches": 4,
      "mean_group_unique": 1592.5,
      "total_group_unique": 6370,
      "group_area": 16777216,
      "ms_dense": 0.0995199978351593,
      "ms_global_full": 1.6624576568603515,
      "ms_grouped_global": 2.14401912689209,
      "ms_grouped_local": 1.6139839172363282,
      "local_vs_grouped_global": 1.3284017913656516,
      "local_vs_global_full": 1.0300335951965534,
      "local_vs_dense": 0.061661083962701625,
      "grouped_global_mse": 4.40552867075894e-06,
      "grouped_local_mse": 4.40552867075894e-06
    },
    {
      "tensor_name": "model.layers.0.mlp.up_proj.weight",
      "group_rows": 1024,
      "group_cols": 8192,
      "launches": 28,
      "mean_group_unique": 1471.7857142857142,
      "total_group_unique": 41210,
      "group_area": 8388608,
      "ms_dense": 0.3668607950210571,
      "ms_global_full": 4.947296142578125,
      "ms_grouped_global": 14.268902587890626,
      "ms_grouped_local": 8.151725006103515,
      "local_vs_grouped_global": 1.7504151056625366,
      "local_vs_global_full": 0.6069017464247004,
      "local_vs_dense": 0.04500406904629071,
      "grouped_global_mse": 1.1872830327774864e-06,
      "grouped_local_mse": 1.1872830327774864e-06
    },
    {
      "tensor_name": "model.layers.0.mlp.up_proj.weight",
      "group_rows": 2048,
      "group_cols": 8192,
      "launches": 14,
      "mean_group_unique": 1504.5,
      "total_group_unique": 21063,
      "group_area": 16777216,
      "ms_dense": 0.3668607950210571,
      "ms_global_full": 4.947296142578125,
      "ms_grouped_global": 7.567148590087891,
      "ms_grouped_local": 6.108915328979492,
      "local_vs_grouped_global": 1.2387057575001617,
      "local_vs_global_full": 0.8098485371223146,
      "local_vs_dense": 0.0600533442132913,
      "grouped_global_mse": 1.1872830327774864e-06,
      "grouped_local_mse": 1.1872830327774864e-06
    }
  ]
}