{
  "results": [
    {
      "tensor_name": "model.layers.0.self_attn.q_proj.weight",
      "group_rows": 1024,
      "group_cols": 8192,
      "launches": 8,
      "mean_group_unique": 1582.25,
      "total_group_unique": 12658,
      "group_area": 8388608,
      "ms_dense": 0.09937279820442199,
      "ms_global_full": 1.6604415893554687,
      "ms_grouped_global": 4.059724807739258,
      "ms_grouped_local": 2.364735984802246,
      "local_vs_grouped_global": 1.71677719366154,
      "local_vs_global_full": 0.7021678529979004,
      "local_vs_dense": 0.042022787678232996,
      "grouped_global_mse": 4.674499905377161e-06,
      "grouped_local_mse": 4.674499905377161e-06
    },
    {
      "tensor_name": "model.layers.0.self_attn.q_proj.weight",
      "group_rows": 2048,
      "group_cols": 8192,
      "launches": 4,
      "mean_group_unique": 1592.5,
      "total_group_unique": 6370,
      "group_area": 16777216,
      "ms_dense": 0.09937279820442199,
      "ms_global_full": 1.6604415893554687,
      "ms_grouped_global": 2.143328094482422,
      "ms_grouped_local": 1.6166912078857423,
      "local_vs_grouped_global": 1.3257498302878745,
      "local_vs_global_full": 1.0270616808307764,
      "local_vs_dense": 0.06146677715553275,
      "grouped_global_mse": 4.674499905377161e-06,
      "grouped_local_mse": 4.674499905377161e-06
    },
    {
      "tensor_name": "model.layers.0.mlp.up_proj.weight",
      "group_rows": 1024,
      "group_cols": 8192,
      "launches": 28,
      "mean_group_unique": 1467.7857142857142,
      "total_group_unique": 41098,
      "group_area": 8388608,
      "ms_dense": 0.3651007890701294,
      "ms_global_full": 5.08590087890625,
      "ms_grouped_global": 14.289797973632812,
      "ms_grouped_local": 8.10921630859375,
      "local_vs_grouped_global": 1.7621675671037638,
      "local_vs_global_full": 0.6271753872832891,
      "local_vs_dense": 0.04502294367005767,
      "grouped_global_mse": 1.2623106613318669e-06,
      "grouped_local_mse": 1.2623106613318669e-06
    },
    {
      "tensor_name": "model.layers.0.mlp.up_proj.weight",
      "group_rows": 2048,
      "group_cols": 8192,
      "launches": 14,
      "mean_group_unique": 1500.5,
      "total_group_unique": 21007,
      "group_area": 16777216,
      "ms_dense": 0.3651007890701294,
      "ms_global_full": 5.08590087890625,
      "ms_grouped_global": 7.567616271972656,
      "ms_grouped_local": 6.044812774658203,
      "local_vs_grouped_global": 1.2519190509420797,
      "local_vs_global_full": 0.8413661545032428,
      "local_vs_dense": 0.06039902353977764,
      "grouped_global_mse": 1.2623106613318669e-06,
      "grouped_local_mse": 1.2623106613318669e-06
    }
  ]
}