{
  "results": [
    {
      "tensor_name": "model.layers.0.self_attn.q_proj.weight",
      "group_rows": 1024,
      "group_cols": 8192,
      "launches": 8,
      "mean_group_unique": 1582.25,
      "total_group_unique": 12658,
      "group_area": 8388608,
      "ms_dense": 0.1004863977432251,
      "ms_global_full": 1.4360511779785157,
      "ms_grouped_global": 3.29541130065918,
      "ms_grouped_local": 2.4763328552246096,
      "local_vs_grouped_global": 1.3307626612902481,
      "local_vs_global_full": 0.5799104005540734,
      "local_vs_dense": 0.0405787119979518,
      "grouped_global_mse": 4.423717655299697e-06,
      "grouped_local_mse": 4.423717655299697e-06
    },
    {
      "tensor_name": "model.layers.0.self_attn.q_proj.weight",
      "group_rows": 2048,
      "group_cols": 8192,
      "launches": 4,
      "mean_group_unique": 1592.5,
      "total_group_unique": 6370,
      "group_area": 16777216,
      "ms_dense": 0.1004863977432251,
      "ms_global_full": 1.4360511779785157,
      "ms_grouped_global": 1.9416831970214843,
      "ms_grouped_local": 1.5876288414001465,
      "local_vs_grouped_global": 1.22300826640885,
      "local_vs_global_full": 0.9045257559771005,
      "local_vs_dense": 0.0632933813765975,
      "grouped_global_mse": 4.423717655299697e-06,
      "grouped_local_mse": 4.423717655299697e-06
    },
    {
      "tensor_name": "model.layers.0.mlp.up_proj.weight",
      "group_rows": 1024,
      "group_cols": 8192,
      "launches": 28,
      "mean_group_unique": 1465.7857142857142,
      "total_group_unique": 41042,
      "group_area": 8388608,
      "ms_dense": 0.38081281185150145,
      "ms_global_full": 5.37468147277832,
      "ms_grouped_global": 11.824671936035156,
      "ms_grouped_local": 8.433382415771485,
      "local_vs_grouped_global": 1.4021268517269576,
      "local_vs_global_full": 0.6373102994507863,
      "local_vs_dense": 0.045155406582693756,
      "grouped_global_mse": 1.3578120388046955e-06,
      "grouped_local_mse": 1.3578120388046955e-06
    },
    {
      "tensor_name": "model.layers.0.mlp.up_proj.weight",
      "group_rows": 2048,
      "group_cols": 8192,
      "launches": 14,
      "mean_group_unique": 1498.5,
      "total_group_unique": 20979,
      "group_area": 16777216,
      "ms_dense": 0.38081281185150145,
      "ms_global_full": 5.37468147277832,
      "ms_grouped_global": 6.8065025329589846,
      "ms_grouped_local": 5.871289443969727,
      "local_vs_grouped_global": 1.1592858090056852,
      "local_vs_global_full": 0.915417562712487,
      "local_vs_dense": 0.06486016666111155,
      "grouped_global_mse": 1.3578120388046955e-06,
      "grouped_local_mse": 1.3578120388046955e-06
    }
  ]
}