{
  "results": [
    {
      "tensor_name": "model.layers.0.self_attn.q_proj.weight",
      "group_rows": 1024,
      "group_cols": 8192,
      "launches": 8,
      "mean_group_unique": 1582.25,
      "total_group_unique": 12658,
      "group_area": 8388608,
      "ms_dense": 0.10076160430908203,
      "ms_global_full": 1.4411392211914062,
      "ms_grouped_global": 3.305516815185547,
      "ms_grouped_local": 2.4726335525512697,
      "local_vs_grouped_global": 1.3368405568123534,
      "local_vs_global_full": 0.5828357460022473,
      "local_vs_dense": 0.040750722728451184,
      "grouped_global_mse": 4.7234898374881595e-06,
      "grouped_local_mse": 4.7234898374881595e-06
    },
    {
      "tensor_name": "model.layers.0.self_attn.q_proj.weight",
      "group_rows": 2048,
      "group_cols": 8192,
      "launches": 4,
      "mean_group_unique": 1592.5,
      "total_group_unique": 6370,
      "group_area": 16777216,
      "ms_dense": 0.10076160430908203,
      "ms_global_full": 1.4411392211914062,
      "ms_grouped_global": 1.9103551864624024,
      "ms_grouped_local": 1.5760064125061035,
      "local_vs_grouped_global": 1.2121493740781364,
      "local_vs_global_full": 0.9144247191861125,
      "local_vs_dense": 0.0639347679739798,
      "grouped_global_mse": 4.7234898374881595e-06,
      "grouped_local_mse": 4.7234898374881595e-06
    },
    {
      "tensor_name": "model.layers.0.mlp.up_proj.weight",
      "group_rows": 1024,
      "group_cols": 8192,
      "launches": 28,
      "mean_group_unique": 1485.7857142857142,
      "total_group_unique": 41602,
      "group_area": 8388608,
      "ms_dense": 0.370035195350647,
      "ms_global_full": 4.879647827148437,
      "ms_grouped_global": 11.641145324707031,
      "ms_grouped_local": 8.450867462158204,
      "local_vs_grouped_global": 1.3775089216384522,
      "local_vs_global_full": 0.5774138393483053,
      "local_vs_dense": 0.04378665231795583,
      "grouped_global_mse": 1.2732057257380802e-06,
      "grouped_local_mse": 1.2732057257380802e-06
    },
    {
      "tensor_name": "model.layers.0.mlp.up_proj.weight",
      "group_rows": 2048,
      "group_cols": 8192,
      "launches": 14,
      "mean_group_unique": 1518.5,
      "total_group_unique": 21259,
      "group_area": 16777216,
      "ms_dense": 0.370035195350647,
      "ms_global_full": 4.879647827148437,
      "ms_grouped_global": 6.675762939453125,
      "ms_grouped_local": 5.935583877563476,
      "local_vs_grouped_global": 1.1247019799833893,
      "local_vs_global_full": 0.8221007280502799,
      "local_vs_dense": 0.06234183577952307,
      "grouped_global_mse": 1.2732057257380802e-06,
      "grouped_local_mse": 1.2732057257380802e-06
    }
  ]
}