{
  "results": [
    {
      "tensor_name": "model.layers.0.self_attn.q_proj.weight",
      "group_rows": 2048,
      "group_cols": 8192,
      "launches": 4,
      "mean_group_unique": 1592.5,
      "total_group_unique": 6370,
      "group_area": 16777216,
      "ms_dense": 0.1013759970664978,
      "ms_global_full": 1.4366911888122558,
      "ms_grouped_global": 1.905580711364746,
      "ms_grouped_local": 1.570521640777588,
      "local_vs_grouped_global": 1.2133425365735588,
      "local_vs_global_full": 0.9147859867126245,
      "local_vs_dense": 0.06454925193918695,
      "grouped_global_mse": 4.506457116804086e-06,
      "grouped_local_mse": 4.506457116804086e-06
    },
    {
      "tensor_name": "model.layers.0.mlp.up_proj.weight",
      "group_rows": 2048,
      "group_cols": 8192,
      "launches": 14,
      "mean_group_unique": 1498.5,
      "total_group_unique": 20979,
      "group_area": 16777216,
      "ms_dense": 0.36691200733184814,
      "ms_global_full": 5.36297607421875,
      "ms_grouped_global": 6.841165161132812,
      "ms_grouped_local": 5.866559982299805,
      "local_vs_grouped_global": 1.1661289037823737,
      "local_vs_global_full": 0.9141602728685235,
      "local_vs_dense": 0.0625429567649305,
      "grouped_global_mse": 1.3473958233589656e-06,
      "grouped_local_mse": 1.3473958233589656e-06
    }
  ]
}