{
  "results": [
    {
      "tensor_name": "model.layers.0.self_attn.q_proj.weight",
      "group_rows": 1024,
      "group_cols": 8192,
      "launches": 8,
      "mean_palette_size": 1582.25,
      "mean_top8_cov": 0.6765715777873993,
      "mean_top16_cov": 0.8173584789037704,
      "mean_top32_cov": 0.9080671668052673,
      "mean_top64_cov": 0.9569435715675354,
      "mean_top128_cov": 0.9805210381746292,
      "mean_k50": 5.0,
      "mean_k75": 12.375,
      "mean_k90": 30.375
    },
    {
      "tensor_name": "model.layers.0.self_attn.q_proj.weight",
      "group_rows": 2048,
      "group_cols": 8192,
      "launches": 4,
      "mean_palette_size": 1592.5,
      "mean_top8_cov": 0.6765671968460083,
      "mean_top16_cov": 0.8173469454050064,
      "mean_top32_cov": 0.9080538898706436,
      "mean_top64_cov": 0.9569378346204758,
      "mean_top128_cov": 0.9805208146572113,
      "mean_k50": 4.75,
      "mean_k75": 12.5,
      "mean_k90": 30.5
    },
    {
      "tensor_name": "model.layers.0.mlp.up_proj.weight",
      "group_rows": 1024,
      "group_cols": 8192,
      "launches": 28,
      "mean_palette_size": 1485.7857142857142,
      "mean_top8_cov": 0.27172580787113737,
      "mean_top16_cov": 0.43370725427355084,
      "mean_top32_cov": 0.6263753303459713,
      "mean_top64_cov": 0.7980347956929889,
      "mean_top128_cov": 0.9182691063199725,
      "mean_k50": 25.607142857142858,
      "mean_k75": 54.82142857142857,
      "mean_k90": 104.78571428571429
    },
    {
      "tensor_name": "model.layers.0.mlp.up_proj.weight",
      "group_rows": 2048,
      "group_cols": 8192,
      "launches": 14,
      "mean_palette_size": 1518.5,
      "mean_top8_cov": 0.2716803252696991,
      "mean_top16_cov": 0.4336272052356175,
      "mean_top32_cov": 0.6263256626469749,
      "mean_top64_cov": 0.7978707722255162,
      "mean_top128_cov": 0.9181304786886487,
      "mean_k50": 25.428571428571427,
      "mean_k75": 54.642857142857146,
      "mean_k90": 105.35714285714286
    }
  ]
}