{
  "results": [
    {
      "tensor_name": "model.layers.0.self_attn.q_proj.weight",
      "group_rows": 1024,
      "group_cols": 8192,
      "hot_size": 8,
      "launches": 8,
      "ms_global_full": 1.4387007713317872,
      "ms_grouped_global": 3.30871696472168,
      "ms_grouped_local": 2.482304000854492,
      "ms_grouped_local_hot": 2.4861568450927733,
      "hot_vs_local": 0.9984502811051982,
      "hot_vs_grouped_global": 1.3308560846643656,
      "hot_vs_global_full": 0.5786846369614709,
      "grouped_local_mse": 4.626686859410256e-06,
      "grouped_local_hot_mse": 4.626686859410256e-06,
      "grouped_global_mse": 4.626686859410256e-06
    },
    {
      "tensor_name": "model.layers.0.self_attn.q_proj.weight",
      "group_rows": 2048,
      "group_cols": 8192,
      "hot_size": 8,
      "launches": 4,
      "ms_global_full": 1.4387007713317872,
      "ms_grouped_global": 1.9013376235961914,
      "ms_grouped_local": 1.5741951942443848,
      "ms_grouped_local_hot": 1.800396728515625,
      "hot_vs_local": 0.8743601725727769,
      "hot_vs_grouped_global": 1.0560659178512222,
      "hot_vs_global_full": 0.7991020804164393,
      "grouped_local_mse": 4.626686859410256e-06,
      "grouped_local_hot_mse": 4.626686859410256e-06,
      "grouped_global_mse": 4.626686859410256e-06
    },
    {
      "tensor_name": "model.layers.0.mlp.up_proj.weight",
      "group_rows": 1024,
      "group_cols": 8192,
      "hot_size": 8,
      "launches": 28,
      "ms_global_full": 5.05296630859375,
      "ms_grouped_global": 11.681107330322266,
      "ms_grouped_local": 8.45319061279297,
      "ms_grouped_local_hot": 8.656883239746094,
      "hot_vs_local": 0.9764704430784146,
      "hot_vs_grouped_global": 1.3493432921321085,
      "hot_vs_global_full": 0.583693480512041,
      "grouped_local_mse": 1.3919136563345091e-06,
      "grouped_local_hot_mse": 1.3919136563345091e-06,
      "grouped_global_mse": 1.3919136563345091e-06
    },
    {
      "tensor_name": "model.layers.0.mlp.up_proj.weight",
      "group_rows": 2048,
      "group_cols": 8192,
      "hot_size": 8,
      "launches": 14,
      "ms_global_full": 5.05296630859375,
      "ms_grouped_global": 6.668653106689453,
      "ms_grouped_local": 5.817119979858399,
      "ms_grouped_local_hot": 6.256703948974609,
      "hot_vs_local": 0.929741925988323,
      "hot_vs_grouped_global": 1.0658412418222787,
      "hot_vs_global_full": 0.8076083429553774,
      "grouped_local_mse": 1.3919136563345091e-06,
      "grouped_local_hot_mse": 1.3919136563345091e-06,
      "grouped_global_mse": 1.3919136563345091e-06
    }
  ]
}