{
  "results": [
    {
      "tensor_name": "model.layers.0.self_attn.q_proj.weight",
      "group_rows": 1024,
      "group_cols": 8192,
      "hot_size": 8,
      "launches": 8,
      "ms_global_full": 5.31343994140625,
      "ms_grouped_global": 6.142233657836914,
      "ms_grouped_local": 3.7272575378417967,
      "ms_grouped_local_hot": 6.285913467407227,
      "hot_vs_local": 0.5929540005868379,
      "hot_vs_grouped_global": 0.9771425727835262,
      "hot_vs_global_full": 0.8452932050300564,
      "grouped_local_mse": 4.502687716012588e-06,
      "grouped_local_hot_mse": 4.502687716012588e-06,
      "grouped_global_mse": 4.502687716012588e-06
    },
    {
      "tensor_name": "model.layers.0.self_attn.q_proj.weight",
      "group_rows": 2048,
      "group_cols": 8192,
      "hot_size": 8,
      "launches": 4,
      "ms_global_full": 5.31343994140625,
      "ms_grouped_global": 5.833798217773437,
      "ms_grouped_local": 3.6300609588623045,
      "ms_grouped_local_hot": 6.023257446289063,
      "hot_vs_local": 0.6026740499194153,
      "hot_vs_grouped_global": 0.968545387573903,
      "hot_vs_global_full": 0.8821538824776396,
      "grouped_local_mse": 4.502687716012588e-06,
      "grouped_local_hot_mse": 4.502687716012588e-06,
      "grouped_global_mse": 4.502687716012588e-06
    },
    {
      "tensor_name": "model.layers.0.mlp.up_proj.weight",
      "group_rows": 1024,
      "group_cols": 8192,
      "hot_size": 8,
      "launches": 28,
      "ms_global_full": 18.905612182617187,
      "ms_grouped_global": 22.28434600830078,
      "ms_grouped_local": 13.509829711914062,
      "ms_grouped_local_hot": 22.109408569335937,
      "hot_vs_local": 0.6110443736903558,
      "hot_vs_grouped_global": 1.0079123527169997,
      "hot_vs_global_full": 0.8550935283197864,
      "grouped_local_mse": 1.2970245961696492e-06,
      "grouped_local_hot_mse": 1.2970245961696492e-06,
      "grouped_global_mse": 1.2970245961696492e-06
    },
    {
      "tensor_name": "model.layers.0.mlp.up_proj.weight",
      "group_rows": 2048,
      "group_cols": 8192,
      "hot_size": 8,
      "launches": 14,
      "ms_global_full": 18.905612182617187,
      "ms_grouped_global": 21.278662109375,
      "ms_grouped_local": 13.159091186523437,
      "ms_grouped_local_hot": 21.22325744628906,
      "hot_vs_local": 0.6200316431078461,
      "hot_vs_grouped_global": 1.0026105635869589,
      "hot_vs_global_full": 0.8907969113818991,
      "grouped_local_mse": 1.2970245961696492e-06,
      "grouped_local_hot_mse": 1.2970245961696492e-06,
      "grouped_global_mse": 1.2970245961696492e-06
    }
  ]
}