{
  "results": [
    {
      "tensor_name": "model.layers.0.self_attn.q_proj.weight",
      "group_rows": 1024,
      "group_cols": 8192,
      "hot_size": 32,
      "launches": 8,
      "ms_global_full": 1.439244842529297,
      "ms_grouped_global": 3.309260940551758,
      "ms_grouped_local": 2.4832767486572265,
      "ms_grouped_local_hot": 6.142361450195312,
      "hot_vs_local": 0.40428697802833863,
      "hot_vs_grouped_global": 0.5387603721116951,
      "hot_vs_global_full": 0.2343145798565033,
      "grouped_local_mse": 4.6385011955862865e-06,
      "grouped_local_hot_mse": 4.6385011955862865e-06,
      "grouped_global_mse": 4.6385011955862865e-06
    },
    {
      "tensor_name": "model.layers.0.self_attn.q_proj.weight",
      "group_rows": 2048,
      "group_cols": 8192,
      "hot_size": 32,
      "launches": 4,
      "ms_global_full": 1.439244842529297,
      "ms_grouped_global": 1.9387584686279298,
      "ms_grouped_local": 1.5742207527160645,
      "ms_grouped_local_hot": 5.483494567871094,
      "hot_vs_local": 0.2870834890472479,
      "hot_vs_grouped_global": 0.3535625766801172,
      "hot_vs_global_full": 0.2624685453254799,
      "grouped_local_mse": 4.6385011955862865e-06,
      "grouped_local_hot_mse": 4.6385011955862865e-06,
      "grouped_global_mse": 4.6385011955862865e-06
    },
    {
      "tensor_name": "model.layers.0.mlp.up_proj.weight",
      "group_rows": 1024,
      "group_cols": 8192,
      "hot_size": 32,
      "launches": 28,
      "ms_global_full": 4.651334381103515,
      "ms_grouped_global": 11.506880187988282,
      "ms_grouped_local": 8.464774322509765,
      "ms_grouped_local_hot": 21.450419616699218,
      "hot_vs_local": 0.3946204537611894,
      "hot_vs_grouped_global": 0.5364407966653547,
      "hot_vs_global_full": 0.2168411837259555,
      "grouped_local_mse": 1.4301824649010086e-06,
      "grouped_local_hot_mse": 1.4301824649010086e-06,
      "grouped_global_mse": 1.4301824649010086e-06
    },
    {
      "tensor_name": "model.layers.0.mlp.up_proj.weight",
      "group_rows": 2048,
      "group_cols": 8192,
      "hot_size": 32,
      "launches": 14,
      "ms_global_full": 4.651334381103515,
      "ms_grouped_global": 6.726662445068359,
      "ms_grouped_local": 5.9294273376464846,
      "ms_grouped_local_hot": 19.09068145751953,
      "hot_vs_local": 0.31059275442003526,
      "hot_vs_grouped_global": 0.3523531865552567,
      "hot_vs_global_full": 0.2436442298539021,
      "grouped_local_mse": 1.4301824649010086e-06,
      "grouped_local_hot_mse": 1.4301824649010086e-06,
      "grouped_global_mse": 1.4301824649010086e-06
    }
  ]
}