{
  "results": [
    {
      "tensor_name": "model.layers.0.self_attn.q_proj.weight",
      "group_rows": 1024,
      "group_cols": 8192,
      "hot_size": 16,
      "launches": 8,
      "ms_global_full": 1.4372799873352051,
      "ms_grouped_global": 3.298451232910156,
      "ms_grouped_local": 2.4735488891601562,
      "ms_grouped_local_hot": 2.9875776290893556,
      "hot_vs_local": 0.8279446415302418,
      "hot_vs_grouped_global": 1.1040554062240577,
      "hot_vs_global_full": 0.4810854028831722,
      "grouped_local_mse": 4.574260401568608e-06,
      "grouped_local_hot_mse": 4.574260401568608e-06,
      "grouped_global_mse": 4.574260401568608e-06
    },
    {
      "tensor_name": "model.layers.0.self_attn.q_proj.weight",
      "group_rows": 2048,
      "group_cols": 8192,
      "hot_size": 16,
      "launches": 4,
      "ms_global_full": 1.4372799873352051,
      "ms_grouped_global": 1.9146623611450195,
      "ms_grouped_local": 1.5728832244873048,
      "ms_grouped_local_hot": 2.460844802856445,
      "hot_vs_local": 0.6391639256004963,
      "hot_vs_grouped_global": 0.7780508380384492,
      "hot_vs_global_full": 0.5840595821674212,
      "grouped_local_mse": 4.574260401568608e-06,
      "grouped_local_hot_mse": 4.574260401568608e-06,
      "grouped_global_mse": 4.574260401568608e-06
    },
    {
      "tensor_name": "model.layers.0.mlp.up_proj.weight",
      "group_rows": 1024,
      "group_cols": 8192,
      "hot_size": 16,
      "launches": 28,
      "ms_global_full": 4.881843185424804,
      "ms_grouped_global": 11.589625549316406,
      "ms_grouped_local": 8.451315307617188,
      "ms_grouped_local_hot": 10.470758056640625,
      "hot_vs_local": 0.8071350003410027,
      "hot_vs_grouped_global": 1.1068563982305166,
      "hot_vs_global_full": 0.46623588846355846,
      "grouped_local_mse": 1.3166477401682641e-06,
      "grouped_local_hot_mse": 1.3166477401682641e-06,
      "grouped_global_mse": 1.3166477401682641e-06
    },
    {
      "tensor_name": "model.layers.0.mlp.up_proj.weight",
      "group_rows": 2048,
      "group_cols": 8192,
      "hot_size": 16,
      "launches": 14,
      "ms_global_full": 4.881843185424804,
      "ms_grouped_global": 6.698291015625,
      "ms_grouped_local": 5.9042304992675785,
      "ms_grouped_local_hot": 8.605363464355468,
      "hot_vs_local": 0.6861105313823951,
      "hot_vs_grouped_global": 0.7783856014182539,
      "hot_vs_global_full": 0.5673023813167255,
      "grouped_local_mse": 1.3166477401682641e-06,
      "grouped_local_hot_mse": 1.3166477401682641e-06,
      "grouped_global_mse": 1.3166477401682641e-06
    }
  ]
}