{
  "results": [
    {
      "tensor_name": "model.layers.0.self_attn.q_proj.weight",
      "group_rows": 4096,
      "group_cols": 8192,
      "launches": 2,
      "mean_group_unique": 1593.0,
      "total_group_unique": 3186,
      "group_area": 33554432,
      "ms_dense": 0.100108802318573,
      "ms_global_full": 1.439072036743164,
      "ms_grouped_global": 1.570950412750244,
      "ms_grouped_local": 0.9688575744628907,
      "local_vs_grouped_global": 1.621446179662824,
      "local_vs_global_full": 1.4853287775976236,
      "local_vs_dense": 0.1033266446557645,
      "grouped_global_mse": 4.332298885856289e-06,
      "grouped_local_mse": 4.332298885856289e-06
    },
    {
      "tensor_name": "model.layers.0.self_attn.q_proj.weight",
      "group_rows": 8192,
      "group_cols": 8192,
      "launches": 1,
      "mean_group_unique": 1593.0,
      "total_group_unique": 1593,
      "group_area": 67108864,
      "ms_dense": 0.100108802318573,
      "ms_global_full": 1.439072036743164,
      "ms_grouped_global": 1.482265567779541,
      "ms_grouped_local": 0.9515007972717285,
      "local_vs_grouped_global": 1.5578185241985008,
      "local_vs_global_full": 1.5124233640890954,
      "local_vs_dense": 0.10521147497261008,
      "grouped_global_mse": 4.332298885856289e-06,
      "grouped_local_mse": 4.332298885856289e-06
    },
    {
      "tensor_name": "model.layers.0.mlp.up_proj.weight",
      "group_rows": 4096,
      "group_cols": 8192,
      "launches": 7,
      "mean_group_unique": 1524.4285714285713,
      "total_group_unique": 10671,
      "group_area": 33554432,
      "ms_dense": 0.3689856052398682,
      "ms_global_full": 4.881958389282227,
      "ms_grouped_global": 5.712543869018555,
      "ms_grouped_local": 3.427916717529297,
      "local_vs_grouped_global": 1.6664768545298627,
      "local_vs_global_full": 1.4241764872283549,
      "local_vs_dense": 0.10764135644048493,
      "grouped_global_mse": 1.3491788877217914e-06,
      "grouped_local_mse": 1.3491788877217914e-06
    },
    {
      "tensor_name": "model.layers.0.mlp.up_proj.weight",
      "group_rows": 8192,
      "group_cols": 8192,
      "launches": 4,
      "mean_group_unique": 1524.75,
      "total_group_unique": 6099,
      "group_area": 67108864,
      "ms_dense": 0.3689856052398682,
      "ms_global_full": 4.881958389282227,
      "ms_grouped_global": 5.439110565185547,
      "ms_grouped_local": 3.412614440917969,
      "local_vs_grouped_global": 1.5938251037003948,
      "local_vs_global_full": 1.43056254194629,
      "local_vs_dense": 0.10812402386148659,
      "grouped_global_mse": 1.3491788877217914e-06,
      "grouped_local_mse": 1.3491788877217914e-06
    }
  ]
}