{
  "results": [
    {
      "tensor_name": "model.layers.0.self_attn.q_proj.weight",
      "group_rows": 4096,
      "group_cols": 8192,
      "launches": 2,
      "mean_group_unique": 1593.0,
      "total_group_unique": 3186,
      "group_area": 33554432,
      "ms_dense": 0.09971839785575867,
      "ms_global_full": 1.4404288291931153,
      "ms_grouped_global": 1.5772095680236817,
      "ms_grouped_local": 0.9696831703186035,
      "local_vs_grouped_global": 1.626520513401781,
      "local_vs_global_full": 1.4854633691537016,
      "local_vs_dense": 0.10283606120852314,
      "grouped_global_mse": 4.606655693351058e-06,
      "grouped_local_mse": 4.606655693351058e-06
    },
    {
      "tensor_name": "model.layers.0.self_attn.q_proj.weight",
      "group_rows": 8192,
      "group_cols": 8192,
      "launches": 1,
      "mean_group_unique": 1593.0,
      "total_group_unique": 1593,
      "group_area": 67108864,
      "ms_dense": 0.09971839785575867,
      "ms_global_full": 1.4404288291931153,
      "ms_grouped_global": 1.4821248054504395,
      "ms_grouped_local": 0.9508671760559082,
      "local_vs_grouped_global": 1.558708558642364,
      "local_vs_global_full": 1.514858084772528,
      "local_vs_dense": 0.1048710065578029,
      "grouped_global_mse": 4.606655693351058e-06,
      "grouped_local_mse": 4.606655693351058e-06
    },
    {
      "tensor_name": "model.layers.0.mlp.up_proj.weight",
      "group_rows": 4096,
      "group_cols": 8192,
      "launches": 7,
      "mean_group_unique": 1512.4285714285713,
      "total_group_unique": 10587,
      "group_area": 33554432,
      "ms_dense": 0.3681279897689819,
      "ms_global_full": 4.937702560424805,
      "ms_grouped_global": 5.7624256134033205,
      "ms_grouped_local": 3.397126388549805,
      "local_vs_grouped_global": 1.6962647115002498,
      "local_vs_global_full": 1.453493922707025,
      "local_vs_dense": 0.10836452567963821,
      "grouped_global_mse": 1.3402157037489815e-06,
      "grouped_local_mse": 1.3402157037489815e-06
    },
    {
      "tensor_name": "model.layers.0.mlp.up_proj.weight",
      "group_rows": 8192,
      "group_cols": 8192,
      "launches": 4,
      "mean_group_unique": 1512.75,
      "total_group_unique": 6051,
      "group_area": 67108864,
      "ms_dense": 0.3681279897689819,
      "ms_global_full": 4.937702560424805,
      "ms_grouped_global": 5.475110244750977,
      "ms_grouped_local": 3.3965057373046874,
      "local_vs_grouped_global": 1.6119832169327573,
      "local_vs_global_full": 1.4537595229687854,
      "local_vs_dense": 0.10838432737673265,
      "grouped_global_mse": 1.3402157037489815e-06,
      "grouped_local_mse": 1.3402157037489815e-06
    }
  ]
}