{
  "results": [
    {
      "tensor_name": "model.layers.0.self_attn.q_proj.weight",
      "group_rows": 8192,
      "group_cols": 8192,
      "launches": 1,
      "mean_group_unique": 1593.0,
      "total_group_unique": 1593,
      "group_area": 67108864,
      "ms_dense": 0.10250240564346313,
      "ms_global_full": 1.4469440460205079,
      "ms_grouped_global": 1.4833663940429687,
      "ms_grouped_local": 0.9477760314941406,
      "local_vs_grouped_global": 1.5651022443609235,
      "local_vs_global_full": 1.526672966966092,
      "local_vs_dense": 0.10815045141189228,
      "grouped_global_mse": 4.697602889791597e-06,
      "grouped_local_mse": 4.697602889791597e-06
    },
    {
      "tensor_name": "model.layers.0.self_attn.q_proj.weight",
      "group_rows": 8192,
      "group_cols": 8192,
      "launches": 1,
      "mean_group_unique": 1593.0,
      "total_group_unique": 1593,
      "group_area": 67108864,
      "ms_dense": 0.10250240564346313,
      "ms_global_full": 1.4469440460205079,
      "ms_grouped_global": 1.4783424377441405,
      "ms_grouped_local": 0.9451904296875,
      "local_vs_grouped_global": 1.564068352059925,
      "local_vs_global_full": 1.530849234792716,
      "local_vs_dense": 0.10844630079184425,
      "grouped_global_mse": 4.697602889791597e-06,
      "grouped_local_mse": 4.697602889791597e-06
    },
    {
      "tensor_name": "model.layers.0.mlp.up_proj.weight",
      "group_rows": 16384,
      "group_cols": 8192,
      "launches": 2,
      "mean_group_unique": 1511.0,
      "total_group_unique": 3022,
      "group_area": 134217728,
      "ms_dense": 0.36744959354400636,
      "ms_global_full": 4.896755218505859,
      "ms_grouped_global": 5.1702014923095705,
      "ms_grouped_local": 3.2631038665771483,
      "local_vs_grouped_global": 1.5844428199991327,
      "local_vs_global_full": 1.500643380880897,
      "local_vs_dense": 0.11260738504454801,
      "grouped_global_mse": 1.3965739071863936e-06,
      "grouped_local_mse": 1.3965739071863936e-06
    },
    {
      "tensor_name": "model.layers.0.mlp.up_proj.weight",
      "group_rows": 28672,
      "group_cols": 8192,
      "launches": 1,
      "mean_group_unique": 1511.0,
      "total_group_unique": 1511,
      "group_area": 234881024,
      "ms_dense": 0.36744959354400636,
      "ms_global_full": 4.896755218505859,
      "ms_grouped_global": 4.990707015991211,
      "ms_grouped_local": 3.134611129760742,
      "local_vs_grouped_global": 1.5921295527245,
      "local_vs_global_full": 1.5621571594686507,
      "local_vs_dense": 0.11722334233275468,
      "grouped_global_mse": 1.3965739071863936e-06,
      "grouped_local_mse": 1.3965739071863936e-06
    }
  ]
}